FIPS,County,State,Prediction
01001,Autauga,Alabama,9
01003,Baldwin,Alabama,34
01005,Barbour,Alabama,11
01007,Bibb,Alabama,9
01009,Blount,Alabama,8
01011,Bullock,Alabama,2
01013,Butler,Alabama,28
01015,Calhoun,Alabama,17
01017,Chambers,Alabama,25
01019,Cherokee,Alabama,3
01021,Chilton,Alabama,6
01023,Choctaw,Alabama,18
01025,Clarke,Alabama,9
01027,Clay,Alabama,4
01029,Cleburne,Alabama,0
01031,Coffee,Alabama,32
01033,Colbert,Alabama,6
01035,Conecuh,Alabama,1
01037,Coosa,Alabama,2
01039,Covington,Alabama,8
01041,Crenshaw,Alabama,9
01043,Cullman,Alabama,8
01045,Dale,Alabama,6
01047,Dallas,Alabama,10
01049,DeKalb,Alabama,12
01051,Elmore,Alabama,15
01053,Escambia,Alabama,8
01055,Etowah,Alabama,25
01057,Fayette,Alabama,1
01059,Franklin,Alabama,28
01061,Geneva,Alabama,3
01063,Greene,Alabama,16
01065,Hale,Alabama,12
01067,Henry,Alabama,4
01069,Houston,Alabama,18
01071,Jackson,Alabama,6
01073,Jefferson,Alabama,123
01075,Lamar,Alabama,2
01077,Lauderdale,Alabama,12
01079,Lawrence,Alabama,2
01081,Lee,Alabama,61
01083,Limestone,Alabama,3
01085,Lowndes,Alabama,34
01087,Macon,Alabama,8
01089,Madison,Alabama,28
01091,Marengo,Alabama,12
01093,Marion,Alabama,7
01095,Marshall,Alabama,55
01097,Mobile,Alabama,265
01099,Monroe,Alabama,2
01101,Montgomery,Alabama,133
01103,Morgan,Alabama,13
01105,Perry,Alabama,0
01107,Pickens,Alabama,3
01109,Pike,Alabama,9
01111,Randolph,Alabama,2
01113,Russell,Alabama,7
01115,St. Clair,Alabama,9
01117,Shelby,Alabama,26
01119,Sumter,Alabama,19
01121,Talladega,Alabama,9
01123,Tallapoosa,Alabama,26
01125,Tuscaloosa,Alabama,38
01127,Walker,Alabama,7
01129,Washington,Alabama,8
01131,Wilcox,Alabama,17
01133,Winston,Alabama,3
02013,Aleutians East,Alaska,0
02016,Aleutians West,Alaska,0
02020,Anchorage,Alaska,16
02050,Bethel,Alaska,0
02060,Bristol Bay,Alaska,0
02068,Denali,Alaska,0
02070,Dillingham,Alaska,0
02090,Fairbanks North Star,Alaska,1
02100,Haines,Alaska,0
02105,Hoonah-Angoon,Alaska,0
02110,Juneau,Alaska,0
02122,Kenai Peninsula,Alaska,0
02130,Ketchikan Gateway,Alaska,0
02150,Kodiak Island,Alaska,0
02158,Kusilvak,Alaska,0
02164,Lake and Peninsula,Alaska,0
02170,Matanuska-Susitna,Alaska,3
02180,Nome,Alaska,0
02185,North Slope,Alaska,0
02188,Northwest Arctic,Alaska,0
02195,Petersburg,Alaska,0
02198,Prince of Wales-Hyder,Alaska,0
02220,Sitka,Alaska,0
02230,Skagway,Alaska,0
02240,Southeast Fairbanks,Alaska,0
02261,Valdez-Cordova,Alaska,0
02275,Wrangell,Alaska,0
02282,Yakutat,Alaska,0
02290,Yukon-Koyukuk,Alaska,0
04001,Apache,Arizona,190
04003,Cochise,Arizona,9
04005,Coconino,Arizona,128
04007,Gila,Arizona,3
04009,Graham,Arizona,14
04011,Greenlee,Arizona,0
04012,La Paz,Arizona,3
04013,Maricopa,Arizona,1282
04015,Mohave,Arizona,52
04017,Navajo,Arizona,171
04019,Pima,Arizona,224
04021,Pinal,Arizona,107
04023,Santa Cruz,Arizona,8
04025,Yavapai,Arizona,1
04027,Yuma,Arizona,51
05001,Arkansas,Arkansas,0
05003,Ashley,Arkansas,6
05005,Baxter,Arkansas,0
05007,Benton,Arkansas,21
05009,Boone,Arkansas,1
05011,Bradley,Arkansas,2
05013,Calhoun,Arkansas,0
05015,Carroll,Arkansas,1
05017,Chicot,Arkansas,1
05019,Clark,Arkansas,4
05021,Clay,Arkansas,1
05023,Cleburne,Arkansas,4
05025,Cleveland,Arkansas,2
05027,Columbia,Arkansas,7
05029,Conway,Arkansas,3
05031,Craighead,Arkansas,19
05033,Crawford,Arkansas,0
05035,Crittenden,Arkansas,29
05037,Cross,Arkansas,4
05039,Dallas,Arkansas,0
05041,Desha,Arkansas,3
05043,Drew,Arkansas,4
05045,Faulkner,Arkansas,10
05047,Franklin,Arkansas,0
05049,Fulton,Arkansas,0
05051,Garland,Arkansas,6
05053,Grant,Arkansas,3
05055,Greene,Arkansas,3
05057,Hempstead,Arkansas,0
05059,Hot Spring,Arkansas,18
05061,Howard,Arkansas,1
05063,Independence,Arkansas,1
05065,Izard,Arkansas,1
05067,Jackson,Arkansas,0
05069,Jefferson,Arkansas,32
05071,Johnson,Arkansas,6
05073,Lafayette,Arkansas,1
05075,Lawrence,Arkansas,17
05077,Lee,Arkansas,0
05079,Lincoln,Arkansas,308
05081,Little River,Arkansas,0
05083,Logan,Arkansas,0
05085,Lonoke,Arkansas,8
05087,Madison,Arkansas,0
05089,Marion,Arkansas,0
05091,Miller,Arkansas,5
05093,Mississippi,Arkansas,7
05095,Monroe,Arkansas,0
05097,Montgomery,Arkansas,0
05099,Nevada,Arkansas,0
05101,Newton,Arkansas,0
05103,Ouachita,Arkansas,0
05105,Perry,Arkansas,1
05107,Phillips,Arkansas,1
05109,Pike,Arkansas,0
05111,Poinsett,Arkansas,8
05113,Polk,Arkansas,0
05115,Pope,Arkansas,5
05117,Prairie,Arkansas,0
05119,Pulaski,Arkansas,106
05121,Randolph,Arkansas,3
05123,St. Francis,Arkansas,7
05125,Saline,Arkansas,19
05127,Scott,Arkansas,0
05129,Searcy,Arkansas,0
05131,Sebastian,Arkansas,2
05133,Sevier,Arkansas,2
05135,Sharp,Arkansas,13
05137,Stone,Arkansas,0
05139,Union,Arkansas,25
05141,Van Buren,Arkansas,2
05143,Washington,Arkansas,20
05145,White,Arkansas,5
05147,Woodruff,Arkansas,0
05149,Yell,Arkansas,0
06001,Alameda,California,333
06003,Alpine,California,0
06005,Amador,California,0
06007,Butte,California,0
06009,Calaveras,California,2
06011,Colusa,California,0
06013,Contra Costa,California,141
06015,Del Norte,California,0
06017,El Dorado,California,5
06019,Fresno,California,140
06021,Glenn,California,0
06023,Humboldt,California,1
06025,Imperial,California,82
06027,Inyo,California,2
06029,Kern,California,184
06031,Kings,California,71
06033,Lake,California,1
06035,Lassen,California,0
06037,Los Angeles,California,6642
06039,Madera,California,8
06041,Marin,California,28
06043,Mariposa,California,-1
06045,Mendocino,California,2
06047,Merced,California,31
06049,Modoc,California,0
06051,Mono,California,2
06053,Monterey,California,49
06055,Napa,California,14
06057,Nevada,California,9
06059,Orange,California,602
06061,Placer,California,11
06063,Plumas,California,0
06065,Riverside,California,963
06067,Sacramento,California,86
06069,San Benito,California,8
06071,San Bernardino,California,566
06073,San Diego,California,816
06075,San Francisco,California,205
06077,San Joaquin,California,48
06079,San Luis Obispo,California,34
06081,San Mateo,California,239
06083,Santa Barbara,California,36
06085,Santa Clara,California,172
06087,Santa Cruz,California,19
06089,Shasta,California,4
06091,Sierra,California,0
06093,Siskiyou,California,0
06095,Solano,California,67
06097,Sonoma,California,35
06099,Stanislaus,California,95
06101,Sutter,California,0
06103,Tehama,California,0
06105,Trinity,California,0
06107,Tulare,California,202
06109,Tuolumne,California,0
06111,Ventura,California,77
06113,Yolo,California,2
06115,Yuba,California,3
08001,Adams,Colorado,465
08003,Alamosa,Colorado,2
08005,Arapahoe,Colorado,637
08007,Archuleta,Colorado,0
08009,Baca,Colorado,0
08011,Bent,Colorado,0
08013,Boulder,Colorado,146
08014,Broomfield,Colorado,33
08015,Chaffee,Colorado,12
08017,Cheyenne,Colorado,0
08019,Clear Creek,Colorado,2
08021,Conejos,Colorado,0
08023,Costilla,Colorado,0
08025,Crowley,Colorado,0
08027,Custer,Colorado,0
08029,Delta,Colorado,21
08031,Denver,Colorado,820
08033,Dolores,Colorado,0
08035,Douglas,Colorado,81
08037,Eagle,Colorado,47
08039,Elbert,Colorado,5
08041,El Paso,Colorado,138
08043,Fremont,Colorado,5
08045,Garfield,Colorado,16
08047,Gilpin,Colorado,0
08049,Grand,Colorado,0
08051,Gunnison,Colorado,31
08053,Hinsdale,Colorado,0
08055,Huerfano,Colorado,0
08057,Jackson,Colorado,0
08059,Jefferson,Colorado,221
08061,Kiowa,Colorado,0
08063,Kit Carson,Colorado,4
08065,Lake,Colorado,5
08067,La Plata,Colorado,8
08069,Larimer,Colorado,94
08071,Las Animas,Colorado,0
08073,Lincoln,Colorado,0
08075,Logan,Colorado,22
08077,Mesa,Colorado,10
08079,Mineral,Colorado,0
08081,Moffat,Colorado,0
08083,Montezuma,Colorado,3
08085,Montrose,Colorado,19
08087,Morgan,Colorado,251
08089,Otero,Colorado,2
08091,Ouray,Colorado,0
08093,Park,Colorado,2
08095,Phillips,Colorado,1
08097,Pitkin,Colorado,11
08099,Prowers,Colorado,0
08101,Pueblo,Colorado,33
08103,Rio Blanco,Colorado,0
08105,Rio Grande,Colorado,0
08107,Routt,Colorado,7
08109,Saguache,Colorado,0
08111,San Juan,Colorado,0
08113,San Miguel,Colorado,3
08115,Sedgwick,Colorado,0
08117,Summit,Colorado,26
08119,Teller,Colorado,5
08121,Washington,Colorado,1
08123,Weld,Colorado,582
08125,Yuma,Colorado,1
09001,Fairfield,Connecticut,1695
09003,Hartford,Connecticut,1105
09005,Litchfield,Connecticut,242
09007,Middlesex,Connecticut,132
09009,New Haven,Connecticut,1377
09011,New London,Connecticut,147
09013,Tolland,Connecticut,92
09015,Windham,Connecticut,53
10001,Kent,Delaware,228
10003,New Castle,Delaware,324
10005,Sussex,Delaware,1059
11001,District of Columbia,District of Columbia,1083
12001,Alachua,Florida,37
12003,Baker,Florida,1
12005,Bay,Florida,15
12007,Bradford,Florida,4
12009,Brevard,Florida,60
12011,Broward,Florida,265
12013,Calhoun,Florida,1
12015,Charlotte,Florida,64
12017,Citrus,Florida,4
12019,Clay,Florida,21
12021,Collier,Florida,91
12023,Columbia,Florida,14
12027,DeSoto,Florida,6
12029,Dixie,Florida,2
12031,Duval,Florida,48
12033,Escambia,Florida,119
12035,Flagler,Florida,37
12037,Franklin,Florida,0
12039,Gadsden,Florida,29
12041,Gilchrist,Florida,0
12043,Glades,Florida,0
12045,Gulf,Florida,0
12047,Hamilton,Florida,1
12049,Hardee,Florida,10
12051,Hendry,Florida,22
12053,Hernando,Florida,3
12055,Highlands,Florida,6
12057,Hillsborough,Florida,141
12059,Holmes,Florida,2
12061,Indian River,Florida,1
12063,Jackson,Florida,3
12065,Jefferson,Florida,3
12067,Lafayette,Florida,0
12069,Lake,Florida,10
12071,Lee,Florida,148
12073,Leon,Florida,28
12075,Levy,Florida,3
12077,Liberty,Florida,0
12079,Madison,Florida,19
12081,Manatee,Florida,126
12083,Marion,Florida,40
12085,Martin,Florida,25
12086,Miami-Dade,Florida,1130
12087,Monroe,Florida,3
12089,Nassau,Florida,8
12091,Okaloosa,Florida,2
12093,Okeechobee,Florida,2
12095,Orange,Florida,101
12097,Osceola,Florida,28
12099,Palm Beach,Florida,495
12101,Pasco,Florida,33
12103,Pinellas,Florida,83
12105,Polk,Florida,123
12107,Putnam,Florida,37
12109,St. Johns,Florida,7
12111,St. Lucie,Florida,34
12113,Santa Rosa,Florida,17
12115,Sarasota,Florida,59
12117,Seminole,Florida,36
12119,Sumter,Florida,25
12121,Suwannee,Florida,20
12123,Taylor,Florida,0
12125,Union,Florida,0
12127,Volusia,Florida,47
12129,Wakulla,Florida,5
12131,Walton,Florida,5
12133,Washington,Florida,2
13001,Appling,Georgia,24
13003,Atkinson,Georgia,0
13005,Bacon,Georgia,5
13007,Baker,Georgia,4
13009,Baldwin,Georgia,45
13011,Banks,Georgia,8
13013,Barrow,Georgia,33
13015,Bartow,Georgia,47
13017,Ben Hill,Georgia,4
13019,Berrien,Georgia,5
13021,Bibb,Georgia,88
13023,Bleckley,Georgia,8
13025,Brantley,Georgia,3
13027,Brooks,Georgia,22
13029,Bryan,Georgia,10
13031,Bulloch,Georgia,6
13033,Burke,Georgia,24
13035,Butts,Georgia,44
13037,Calhoun,Georgia,27
13039,Camden,Georgia,6
13043,Candler,Georgia,1
13045,Carroll,Georgia,68
13047,Catoosa,Georgia,10
13049,Charlton,Georgia,1
13051,Chatham,Georgia,35
13053,Chattahoochee,Georgia,4
13055,Chattooga,Georgia,4
13057,Cherokee,Georgia,119
13059,Clarke,Georgia,30
13061,Clay,Georgia,3
13063,Clayton,Georgia,134
13065,Clinch,Georgia,1
13067,Cobb,Georgia,336
13069,Coffee,Georgia,43
13071,Colquitt,Georgia,48
13073,Columbia,Georgia,36
13075,Cook,Georgia,8
13077,Coweta,Georgia,20
13079,Crawford,Georgia,3
13081,Crisp,Georgia,30
13083,Dade,Georgia,3
13085,Dawson,Georgia,14
13087,Decatur,Georgia,21
13089,DeKalb,Georgia,406
13091,Dodge,Georgia,6
13093,Dooly,Georgia,39
13095,Dougherty,Georgia,60
13097,Douglas,Georgia,65
13099,Early,Georgia,31
13101,Echols,Georgia,1
13103,Effingham,Georgia,6
13105,Elbert,Georgia,15
13107,Emanuel,Georgia,5
13109,Evans,Georgia,0
13111,Fannin,Georgia,7
13113,Fayette,Georgia,24
13115,Floyd,Georgia,28
13117,Forsyth,Georgia,68
13119,Franklin,Georgia,3
13121,Fulton,Georgia,470
13123,Gilmer,Georgia,33
13125,Glascock,Georgia,0
13127,Glynn,Georgia,5
13129,Gordon,Georgia,22
13131,Grady,Georgia,20
13133,Greene,Georgia,7
13135,Gwinnett,Georgia,574
13137,Habersham,Georgia,138
13139,Hall,Georgia,465
13141,Hancock,Georgia,86
13143,Haralson,Georgia,5
13145,Harris,Georgia,12
13147,Hart,Georgia,2
13149,Heard,Georgia,2
13151,Henry,Georgia,71
13153,Houston,Georgia,29
13155,Irwin,Georgia,-2
13157,Jackson,Georgia,29
13159,Jasper,Georgia,3
13161,Jeff Davis,Georgia,8
13163,Jefferson,Georgia,3
13165,Jenkins,Georgia,1
13167,Johnson,Georgia,14
13169,Jones,Georgia,4
13171,Lamar,Georgia,8
13173,Lanier,Georgia,1
13175,Laurens,Georgia,13
13177,Lee,Georgia,32
13179,Liberty,Georgia,3
13181,Lincoln,Georgia,2
13183,Long,Georgia,1
13185,Lowndes,Georgia,39
13187,Lumpkin,Georgia,15
13189,McDuffie,Georgia,5
13191,McIntosh,Georgia,0
13193,Macon,Georgia,19
13195,Madison,Georgia,5
13197,Marion,Georgia,1
13199,Meriwether,Georgia,10
13201,Miller,Georgia,7
13205,Mitchell,Georgia,67
13207,Monroe,Georgia,4
13209,Montgomery,Georgia,0
13211,Morgan,Georgia,9
13213,Murray,Georgia,13
13215,Muscogee,Georgia,59
13217,Newton,Georgia,48
13219,Oconee,Georgia,12
13221,Oglethorpe,Georgia,10
13223,Paulding,Georgia,51
13225,Peach,Georgia,10
13227,Pickens,Georgia,6
13229,Pierce,Georgia,9
13231,Pike,Georgia,3
13233,Polk,Georgia,21
13235,Pulaski,Georgia,10
13237,Putnam,Georgia,12
13239,Quitman,Georgia,0
13241,Rabun,Georgia,2
13243,Randolph,Georgia,15
13245,Richmond,Georgia,97
13247,Rockdale,Georgia,42
13249,Schley,Georgia,0
13251,Screven,Georgia,2
13253,Seminole,Georgia,6
13255,Spalding,Georgia,71
13257,Stephens,Georgia,26
13259,Stewart,Georgia,7
13261,Sumter,Georgia,41
13263,Talbot,Georgia,7
13265,Taliaferro,Georgia,0
13267,Tattnall,Georgia,2
13269,Taylor,Georgia,2
13271,Telfair,Georgia,6
13273,Terrell,Georgia,24
13275,Thomas,Georgia,49
13277,Tift,Georgia,26
13279,Toombs,Georgia,8
13281,Towns,Georgia,-2
13283,Treutlen,Georgia,0
13285,Troup,Georgia,37
13287,Turner,Georgia,8
13289,Twiggs,Georgia,1
13291,Union,Georgia,5
13293,Upson,Georgia,42
13295,Walker,Georgia,14
13297,Walton,Georgia,44
13299,Ware,Georgia,26
13301,Warren,Georgia,2
13303,Washington,Georgia,10
13305,Wayne,Georgia,3
13307,Webster,Georgia,2
13309,Wheeler,Georgia,0
13311,White,Georgia,20
13313,Whitfield,Georgia,65
13315,Wilcox,Georgia,30
13317,Wilkes,Georgia,6
13319,Wilkinson,Georgia,10
13321,Worth,Georgia,5
15001,Hawaii,Hawaii,15
15003,Honolulu,Hawaii,29
15005,Kalawao,Hawaii,0
15007,Kauai,Hawaii,1
15009,Maui,Hawaii,9
16001,Ada,Idaho,38
16003,Adams,Idaho,0
16005,Bannock,Idaho,2
16007,Bear Lake,Idaho,0
16009,Benewah,Idaho,0
16011,Bingham,Idaho,0
16013,Blaine,Idaho,14
16015,Boise,Idaho,0
16017,Bonner,Idaho,0
16019,Bonneville,Idaho,6
16021,Boundary,Idaho,0
16023,Butte,Idaho,0
16025,Camas,Idaho,0
16027,Canyon,Idaho,39
16029,Caribou,Idaho,0
16031,Cassia,Idaho,2
16033,Clark,Idaho,0
16035,Clearwater,Idaho,0
16037,Custer,Idaho,0
16039,Elmore,Idaho,6
16041,Franklin,Idaho,0
16043,Fremont,Idaho,0
16045,Gem,Idaho,2
16047,Gooding,Idaho,2
16049,Idaho,Idaho,0
16051,Jefferson,Idaho,0
16053,Jerome,Idaho,8
16055,Kootenai,Idaho,7
16057,Latah,Idaho,1
16059,Lemhi,Idaho,0
16061,Lewis,Idaho,0
16063,Lincoln,Idaho,7
16065,Madison,Idaho,1
16067,Minidoka,Idaho,2
16069,Nez Perce,Idaho,14
16071,Oneida,Idaho,0
16073,Owyhee,Idaho,1
16075,Payette,Idaho,2
16077,Power,Idaho,0
16079,Shoshone,Idaho,0
16081,Teton,Idaho,1
16083,Twin Falls,Idaho,37
16085,Valley,Idaho,0
16087,Washington,Idaho,0
17001,Adams,Illinois,9
17003,Alexander,Illinois,0
17005,Bond,Illinois,1
17007,Boone,Illinois,48
17009,Brown,Illinois,0
17011,Bureau,Illinois,2
17013,Calhoun,Illinois,0
17015,Carroll,Illinois,1
17017,Cass,Illinois,20
17019,Champaign,Illinois,49
17021,Christian,Illinois,4
17023,Clark,Illinois,1
17025,Clay,Illinois,0
17027,Clinton,Illinois,37
17029,Coles,Illinois,4
17031,Cook,Illinois,11186
17033,Crawford,Illinois,2
17035,Cumberland,Illinois,0
17037,DeKalb,Illinois,29
17039,De Witt,Illinois,0
17041,Douglas,Illinois,0
17043,DuPage,Illinois,1108
17045,Edgar,Illinois,0
17047,Edwards,Illinois,0
17049,Effingham,Illinois,1
17051,Fayette,Illinois,1
17053,Ford,Illinois,2
17055,Franklin,Illinois,1
17057,Fulton,Illinois,0
17059,Gallatin,Illinois,0
17061,Greene,Illinois,0
17063,Grundy,Illinois,9
17065,Hamilton,Illinois,0
17067,Hancock,Illinois,1
17069,Hardin,Illinois,0
17071,Henderson,Illinois,0
17073,Henry,Illinois,14
17075,Iroquois,Illinois,22
17077,Jackson,Illinois,141
17079,Jasper,Illinois,8
17081,Jefferson,Illinois,15
17083,Jersey,Illinois,2
17085,Jo Daviess,Illinois,3
17087,Johnson,Illinois,1
17089,Kane,Illinois,712
17091,Kankakee,Illinois,66
17093,Kendall,Illinois,99
17095,Knox,Illinois,21
17097,Lake,Illinois,983
17099,LaSalle,Illinois,15
17101,Lawrence,Illinois,0
17103,Lee,Illinois,7
17105,Livingston,Illinois,2
17107,Logan,Illinois,2
17109,McDonough,Illinois,21
17111,McHenry,Illinois,198
17113,McLean,Illinois,8
17115,Macon,Illinois,24
17117,Macoupin,Illinois,4
17119,Madison,Illinois,76
17121,Marion,Illinois,9
17123,Marshall,Illinois,0
17125,Mason,Illinois,6
17127,Massac,Illinois,0
17129,Menard,Illinois,1
17131,Mercer,Illinois,2
17133,Monroe,Illinois,15
17135,Montgomery,Illinois,7
17137,Morgan,Illinois,6
17139,Moultrie,Illinois,1
17141,Ogle,Illinois,45
17143,Peoria,Illinois,31
17145,Perry,Illinois,35
17147,Piatt,Illinois,0
17149,Pike,Illinois,0
17151,Pope,Illinois,0
17153,Pulaski,Illinois,5
17155,Putnam,Illinois,0
17157,Randolph,Illinois,110
17159,Richland,Illinois,0
17161,Rock Island,Illinois,139
17163,St. Clair,Illinois,145
17165,Saline,Illinois,0
17167,Sangamon,Illinois,164
17169,Schuyler,Illinois,0
17171,Scott,Illinois,0
17173,Shelby,Illinois,2
17175,Stark,Illinois,0
17177,Stephenson,Illinois,44
17179,Tazewell,Illinois,8
17181,Union,Illinois,41
17183,Vermilion,Illinois,4
17185,Wabash,Illinois,0
17187,Warren,Illinois,33
17189,Washington,Illinois,2
17191,Wayne,Illinois,0
17193,White,Illinois,0
17195,Whiteside,Illinois,35
17197,Will,Illinois,867
17199,Williamson,Illinois,10
17201,Winnebago,Illinois,238
17203,Woodford,Illinois,2
18001,Adams,Indiana,1
18003,Allen,Indiana,208
18005,Bartholomew,Indiana,74
18007,Benton,Indiana,2
18009,Blackford,Indiana,1
18011,Boone,Indiana,17
18013,Brown,Indiana,0
18015,Carroll,Indiana,13
18017,Cass,Indiana,213
18019,Clark,Indiana,91
18021,Clay,Indiana,4
18023,Clinton,Indiana,12
18025,Crawford,Indiana,3
18027,Daviess,Indiana,8
18029,Dearborn,Indiana,3
18031,Decatur,Indiana,18
18033,DeKalb,Indiana,-2
18035,Delaware,Indiana,44
18037,Dubois,Indiana,6
18039,Elkhart,Indiana,91
18041,Fayette,Indiana,5
18043,Floyd,Indiana,25
18045,Fountain,Indiana,2
18047,Franklin,Indiana,7
18049,Fulton,Indiana,7
18051,Gibson,Indiana,0
18053,Grant,Indiana,35
18055,Greene,Indiana,14
18057,Hamilton,Indiana,92
18059,Hancock,Indiana,57
18061,Harrison,Indiana,26
18063,Hendricks,Indiana,88
18065,Henry,Indiana,8
18067,Howard,Indiana,39
18069,Huntington,Indiana,1
18071,Jackson,Indiana,40
18073,Jasper,Indiana,19
18075,Jay,Indiana,4
18077,Jefferson,Indiana,5
18079,Jennings,Indiana,6
18081,Johnson,Indiana,103
18083,Knox,Indiana,0
18085,Kosciusko,Indiana,9
18087,LaGrange,Indiana,6
18089,Lake,Indiana,520
18091,LaPorte,Indiana,52
18093,Lawrence,Indiana,16
18095,Madison,Indiana,53
18097,Marion,Indiana,1433
18099,Marshall,Indiana,4
18101,Martin,Indiana,1
18103,Miami,Indiana,36
18105,Monroe,Indiana,5
18107,Montgomery,Indiana,188
18109,Morgan,Indiana,46
18111,Newton,Indiana,10
18113,Noble,Indiana,23
18115,Ohio,Indiana,0
18117,Orange,Indiana,33
18119,Owen,Indiana,1
18121,Parke,Indiana,2
18123,Perry,Indiana,2
18125,Pike,Indiana,0
18127,Porter,Indiana,48
18129,Posey,Indiana,2
18131,Pulaski,Indiana,0
18133,Putnam,Indiana,14
18135,Randolph,Indiana,3
18137,Ripley,Indiana,4
18139,Rush,Indiana,6
18141,St. Joseph,Indiana,105
18143,Scott,Indiana,15
18145,Shelby,Indiana,54
18147,Spencer,Indiana,1
18149,Starke,Indiana,3
18151,Steuben,Indiana,5
18153,Sullivan,Indiana,5
18155,Switzerland,Indiana,1
18157,Tippecanoe,Indiana,54
18159,Tipton,Indiana,3
18161,Union,Indiana,0
18163,Vanderburgh,Indiana,37
18165,Vermillion,Indiana,1
18167,Vigo,Indiana,11
18169,Wabash,Indiana,56
18171,Warren,Indiana,2
18173,Warrick,Indiana,22
18175,Washington,Indiana,9
18177,Wayne,Indiana,7
18179,Wells,Indiana,0
18181,White,Indiana,39
18183,Whitley,Indiana,4
19001,Adair,Iowa,0
19003,Adams,Iowa,0
19005,Allamakee,Iowa,35
19007,Appanoose,Iowa,0
19009,Audubon,Iowa,0
19011,Benton,Iowa,6
19013,Black Hawk,Iowa,956
19015,Boone,Iowa,8
19017,Bremer,Iowa,16
19019,Buchanan,Iowa,4
19021,Buena Vista,Iowa,0
19023,Butler,Iowa,5
19025,Calhoun,Iowa,0
19027,Carroll,Iowa,0
19029,Cass,Iowa,0
19031,Cedar,Iowa,3
19033,Cerro Gordo,Iowa,0
19035,Cherokee,Iowa,0
19037,Chickasaw,Iowa,1
19039,Clarke,Iowa,0
19041,Clay,Iowa,0
19043,Clayton,Iowa,3
19045,Clinton,Iowa,5
19047,Crawford,Iowa,14
19049,Dallas,Iowa,420
19051,Davis,Iowa,0
19053,Decatur,Iowa,0
19055,Delaware,Iowa,1
19057,Des Moines,Iowa,3
19059,Dickinson,Iowa,2
19061,Dubuque,Iowa,41
19063,Emmet,Iowa,0
19065,Fayette,Iowa,9
19067,Floyd,Iowa,0
19069,Franklin,Iowa,0
19071,Fremont,Iowa,0
19073,Greene,Iowa,6
19075,Grundy,Iowa,4
19077,Guthrie,Iowa,8
19079,Hamilton,Iowa,0
19081,Hancock,Iowa,0
19083,Hardin,Iowa,5
19085,Harrison,Iowa,2
19087,Henry,Iowa,1
19089,Howard,Iowa,10
19091,Humboldt,Iowa,0
19093,Ida,Iowa,0
19095,Iowa,Iowa,3
19097,Jackson,Iowa,0
19099,Jasper,Iowa,101
19101,Jefferson,Iowa,0
19103,Johnson,Iowa,102
19105,Jones,Iowa,4
19107,Keokuk,Iowa,0
19109,Kossuth,Iowa,0
19111,Lee,Iowa,4
19113,Linn,Iowa,186
19115,Louisa,Iowa,35
19117,Lucas,Iowa,0
19119,Lyon,Iowa,5
19121,Madison,Iowa,1
19123,Mahaska,Iowa,2
19125,Marion,Iowa,2
19127,Marshall,Iowa,191
19129,Mills,Iowa,0
19131,Mitchell,Iowa,0
19133,Monona,Iowa,0
19135,Monroe,Iowa,0
19137,Montgomery,Iowa,0
19139,Muscatine,Iowa,70
19141,O'Brien,Iowa,1
19143,Osceola,Iowa,2
19145,Page,Iowa,1
19147,Palo Alto,Iowa,0
19149,Plymouth,Iowa,2
19151,Pocahontas,Iowa,0
19153,Polk,Iowa,437
19155,Pottawattamie,Iowa,11
19157,Poweshiek,Iowa,9
19159,Ringgold,Iowa,0
19161,Sac,Iowa,0
19163,Scott,Iowa,34
19165,Shelby,Iowa,1
19167,Sioux,Iowa,2
19169,Story,Iowa,6
19171,Tama,Iowa,60
19173,Taylor,Iowa,0
19175,Union,Iowa,0
19177,Van Buren,Iowa,0
19179,Wapello,Iowa,2
19181,Warren,Iowa,3
19183,Washington,Iowa,14
19185,Wayne,Iowa,0
19187,Webster,Iowa,0
19189,Winnebago,Iowa,0
19191,Winneshiek,Iowa,1
19193,Woodbury,Iowa,-328
19195,Worth,Iowa,0
19197,Wright,Iowa,0
20001,Allen,Kansas,0
20003,Anderson,Kansas,0
20005,Atchison,Kansas,1
20007,Barber,Kansas,0
20009,Barton,Kansas,1
20011,Bourbon,Kansas,0
20013,Brown,Kansas,0
20015,Butler,Kansas,3
20017,Chase,Kansas,0
20019,Chautauqua,Kansas,0
20021,Cherokee,Kansas,1
20023,Cheyenne,Kansas,-1
20025,Clark,Kansas,0
20027,Clay,Kansas,0
20029,Cloud,Kansas,0
20031,Coffey,Kansas,0
20033,Comanche,Kansas,0
20035,Cowley,Kansas,0
20037,Crawford,Kansas,0
20039,Decatur,Kansas,0
20041,Dickinson,Kansas,0
20043,Doniphan,Kansas,0
20045,Douglas,Kansas,-1
20047,Edwards,Kansas,2
20049,Elk,Kansas,0
20051,Ellis,Kansas,1
20053,Ellsworth,Kansas,0
20055,Finney,Kansas,451
20057,Ford,Kansas,434
20059,Franklin,Kansas,2
20061,Geary,Kansas,2
20063,Gove,Kansas,0
20065,Graham,Kansas,0
20067,Grant,Kansas,14
20069,Gray,Kansas,4
20071,Greeley,Kansas,0
20073,Greenwood,Kansas,0
20075,Hamilton,Kansas,0
20077,Harper,Kansas,-1
20079,Harvey,Kansas,1
20081,Haskell,Kansas,0
20083,Hodgeman,Kansas,0
20085,Jackson,Kansas,0
20087,Jefferson,Kansas,1
20089,Jewell,Kansas,0
20091,Johnson,Kansas,60
20093,Kearny,Kansas,8
20095,Kingman,Kansas,0
20097,Kiowa,Kansas,0
20099,Labette,Kansas,2
20101,Lane,Kansas,0
20103,Leavenworth,Kansas,1113
20105,Lincoln,Kansas,0
20107,Linn,Kansas,0
20109,Logan,Kansas,0
20111,Lyon,Kansas,61
20113,McPherson,Kansas,4
20115,Marion,Kansas,0
20117,Marshall,Kansas,0
20119,Meade,Kansas,7
20121,Miami,Kansas,1
20123,Mitchell,Kansas,0
20125,Montgomery,Kansas,3
20127,Morris,Kansas,0
20129,Morton,Kansas,0
20131,Nemaha,Kansas,0
20133,Neosho,Kansas,0
20135,Ness,Kansas,0
20137,Norton,Kansas,0
20139,Osage,Kansas,0
20141,Osborne,Kansas,0
20143,Ottawa,Kansas,0
20145,Pawnee,Kansas,0
20147,Phillips,Kansas,0
20149,Pottawatomie,Kansas,3
20151,Pratt,Kansas,0
20153,Rawlins,Kansas,0
20155,Reno,Kansas,24
20157,Republic,Kansas,0
20159,Rice,Kansas,0
20161,Riley,Kansas,10
20163,Rooks,Kansas,1
20165,Rush,Kansas,0
20167,Russell,Kansas,0
20169,Saline,Kansas,4
20171,Scott,Kansas,0
20173,Sedgwick,Kansas,110
20175,Seward,Kansas,320
20177,Shawnee,Kansas,27
20179,Sheridan,Kansas,0
20181,Sherman,Kansas,1
20183,Smith,Kansas,0
20185,Stafford,Kansas,0
20187,Stanton,Kansas,1
20189,Stevens,Kansas,3
20191,Sumner,Kansas,0
20193,Thomas,Kansas,0
20195,Trego,Kansas,0
20197,Wabaunsee,Kansas,14
20199,Wallace,Kansas,0
20201,Washington,Kansas,-1
20203,Wichita,Kansas,0
20205,Wilson,Kansas,0
20207,Woodson,Kansas,0
20209,Wyandotte,Kansas,206
21001,Adair,Kentucky,19
21003,Allen,Kentucky,7
21005,Anderson,Kentucky,1
21007,Ballard,Kentucky,4
21009,Barren,Kentucky,6
21011,Bath,Kentucky,0
21013,Bell,Kentucky,0
21015,Boone,Kentucky,41
21017,Bourbon,Kentucky,0
21019,Boyd,Kentucky,0
21021,Boyle,Kentucky,3
21023,Bracken,Kentucky,0
21025,Breathitt,Kentucky,0
21027,Breckinridge,Kentucky,2
21029,Bullitt,Kentucky,12
21031,Butler,Kentucky,29
21033,Caldwell,Kentucky,3
21035,Calloway,Kentucky,8
21037,Campbell,Kentucky,14
21039,Carlisle,Kentucky,2
21041,Carroll,Kentucky,0
21043,Carter,Kentucky,0
21045,Casey,Kentucky,0
21047,Christian,Kentucky,2
21049,Clark,Kentucky,3
21051,Clay,Kentucky,0
21053,Clinton,Kentucky,0
21055,Crittenden,Kentucky,0
21057,Cumberland,Kentucky,2
21059,Daviess,Kentucky,44
21061,Edmonson,Kentucky,22
21063,Elliott,Kentucky,0
21065,Estill,Kentucky,0
21067,Fayette,Kentucky,31
21069,Fleming,Kentucky,0
21071,Floyd,Kentucky,6
21073,Franklin,Kentucky,1
21075,Fulton,Kentucky,0
21077,Gallatin,Kentucky,0
21079,Garrard,Kentucky,0
21081,Grant,Kentucky,4
21083,Graves,Kentucky,19
21085,Grayson,Kentucky,20
21087,Green,Kentucky,0
21089,Greenup,Kentucky,1
21091,Hancock,Kentucky,0
21093,Hardin,Kentucky,8
21095,Harlan,Kentucky,0
21097,Harrison,Kentucky,1
21099,Hart,Kentucky,0
21101,Henderson,Kentucky,13
21103,Henry,Kentucky,0
21105,Hickman,Kentucky,0
21107,Hopkins,Kentucky,49
21109,Jackson,Kentucky,10
21111,Jefferson,Kentucky,361
21113,Jessamine,Kentucky,8
21115,Johnson,Kentucky,0
21117,Kenton,Kentucky,83
21119,Knott,Kentucky,0
21121,Knox,Kentucky,1
21123,Larue,Kentucky,0
21125,Laurel,Kentucky,4
21127,Lawrence,Kentucky,0
21129,Lee,Kentucky,0
21131,Leslie,Kentucky,1
21133,Letcher,Kentucky,0
21135,Lewis,Kentucky,0
21137,Lincoln,Kentucky,1
21139,Livingston,Kentucky,0
21141,Logan,Kentucky,1
21143,Lyon,Kentucky,0
21145,McCracken,Kentucky,17
21147,McCreary,Kentucky,0
21149,McLean,Kentucky,4
21151,Madison,Kentucky,4
21153,Magoffin,Kentucky,0
21155,Marion,Kentucky,3
21157,Marshall,Kentucky,-8
21159,Martin,Kentucky,0
21161,Mason,Kentucky,0
21163,Meade,Kentucky,7
21165,Menifee,Kentucky,0
21167,Mercer,Kentucky,2
21169,Metcalfe,Kentucky,0
21171,Monroe,Kentucky,1
21173,Montgomery,Kentucky,2
21175,Morgan,Kentucky,0
21177,Muhlenberg,Kentucky,32
21179,Nelson,Kentucky,5
21181,Nicholas,Kentucky,0
21183,Ohio,Kentucky,11
21185,Oldham,Kentucky,6
21187,Owen,Kentucky,0
21189,Owsley,Kentucky,0
21191,Pendleton,Kentucky,1
21193,Perry,Kentucky,5
21195,Pike,Kentucky,2
21197,Powell,Kentucky,0
21199,Pulaski,Kentucky,9
21201,Robertson,Kentucky,0
21203,Rockcastle,Kentucky,0
21205,Rowan,Kentucky,0
21207,Russell,Kentucky,1
21209,Scott,Kentucky,4
21211,Shelby,Kentucky,5
21213,Simpson,Kentucky,5
21215,Spencer,Kentucky,2
21217,Taylor,Kentucky,1
21219,Todd,Kentucky,2
21221,Trigg,Kentucky,2
21223,Trimble,Kentucky,0
21225,Union,Kentucky,1
21227,Warren,Kentucky,232
21229,Washington,Kentucky,1
21231,Wayne,Kentucky,1
21233,Webster,Kentucky,6
21235,Whitley,Kentucky,0
21237,Wolfe,Kentucky,0
21239,Woodford,Kentucky,1
22001,Acadia,Louisiana,7
22003,Allen,Louisiana,7
22005,Ascension,Louisiana,56
22007,Assumption,Louisiana,17
22009,Avoyelles,Louisiana,2
22011,Beauregard,Louisiana,8
22013,Bienville,Louisiana,17
22015,Bossier,Louisiana,33
22017,Caddo,Louisiana,178
22019,Calcasieu,Louisiana,42
22021,Caldwell,Louisiana,2
22023,Cameron,Louisiana,0
22025,Catahoula,Louisiana,42
22027,Claiborne,Louisiana,16
22029,Concordia,Louisiana,7
22031,De Soto,Louisiana,12
22033,East Baton Rouge,Louisiana,303
22035,East Carroll,Louisiana,2
22037,East Feliciana,Louisiana,26
22039,Evangeline,Louisiana,6
22041,Franklin,Louisiana,28
22043,Grant,Louisiana,2
22045,Iberia,Louisiana,52
22047,Iberville,Louisiana,95
22049,Jackson,Louisiana,15
22051,Jefferson,Louisiana,219
22053,Jefferson Davis,Louisiana,5
22055,Lafayette,Louisiana,42
22057,Lafourche,Louisiana,51
22059,LaSalle,Louisiana,5
22061,Lincoln,Louisiana,22
22063,Livingston,Louisiana,44
22065,Madison,Louisiana,1
22067,Morehouse,Louisiana,10
22069,Natchitoches,Louisiana,19
22071,Orleans,Louisiana,560
22073,Ouachita,Louisiana,169
22075,Plaquemines,Louisiana,33
22077,Pointe Coupee,Louisiana,8
22079,Rapides,Louisiana,38
22081,Red River,Louisiana,6
22083,Richland,Louisiana,17
22085,Sabine,Louisiana,3
22087,St. Bernard,Louisiana,65
22089,St. Charles,Louisiana,90
22091,St. Helena,Louisiana,5
22093,St. James,Louisiana,20
22095,St. John the Baptist,Louisiana,119
22097,St. Landry,Louisiana,38
22099,St. Martin,Louisiana,21
22101,St. Mary,Louisiana,37
22103,St. Tammany,Louisiana,125
22105,Tangipahoa,Louisiana,43
22107,Tensas,Louisiana,0
22109,Terrebonne,Louisiana,212
22111,Union,Louisiana,27
22113,Vermilion,Louisiana,3
22115,Vernon,Louisiana,1
22117,Washington,Louisiana,23
22119,Webster,Louisiana,14
22121,West Baton Rouge,Louisiana,10
22123,West Carroll,Louisiana,0
22125,West Feliciana,Louisiana,30
22127,Winn,Louisiana,10
23001,Androscoggin,Maine,9
23003,Aroostook,Maine,1
23005,Cumberland,Maine,80
23007,Franklin,Maine,6
23009,Hancock,Maine,2
23011,Kennebec,Maine,19
23013,Knox,Maine,3
23015,Lincoln,Maine,2
23017,Oxford,Maine,0
23019,Penobscot,Maine,45
23021,Piscataquis,Maine,0
23023,Sagadahoc,Maine,1
23025,Somerset,Maine,0
23027,Waldo,Maine,1
23029,Washington,Maine,0
23031,York,Maine,18
24001,Allegany,Maryland,20
24003,Anne Arundel,Maryland,464
24005,Baltimore,Maryland,699
24009,Calvert,Maryland,33
24011,Caroline,Maryland,21
24013,Carroll,Maryland,86
24015,Cecil,Maryland,31
24017,Charles,Maryland,102
24019,Dorchester,Maryland,25
24021,Frederick,Maryland,168
24023,Garrett,Maryland,0
24025,Harford,Maryland,147
24027,Howard,Maryland,255
24029,Kent,Maryland,26
24031,Montgomery,Maryland,1095
24033,Prince George's,Maryland,1990
24035,Queen Anne's,Maryland,7
24037,St. Mary's,Maryland,34
24039,Somerset,Maryland,14
24041,Talbot,Maryland,11
24043,Washington,Maryland,67
24045,Wicomico,Maryland,184
24047,Worcester,Maryland,20
24510,Baltimore City,Maryland,333
25001,Barnstable,Massachusetts,98
25003,Berkshire,Massachusetts,31
25005,Bristol,Massachusetts,1250
25007,Dukes,Massachusetts,0
25009,Essex,Massachusetts,2356
25011,Franklin,Massachusetts,54
25013,Hampden,Massachusetts,928
25015,Hampshire,Massachusetts,170
25017,Middlesex,Massachusetts,3435
25019,Nantucket,Massachusetts,0
25021,Norfolk,Massachusetts,1349
25023,Plymouth,Massachusetts,1504
25025,Suffolk,Massachusetts,2813
25027,Worcester,Massachusetts,1759
26001,Alcona,Michigan,0
26003,Alger,Michigan,0
26005,Allegan,Michigan,46
26007,Alpena,Michigan,55
26009,Antrim,Michigan,0
26011,Arenac,Michigan,6
26013,Baraga,Michigan,0
26015,Barry,Michigan,9
26017,Bay,Michigan,51
26019,Benzie,Michigan,1
26021,Berrien,Michigan,53
26023,Branch,Michigan,26
26025,Calhoun,Michigan,58
26027,Cass,Michigan,7
26029,Charlevoix,Michigan,1
26031,Cheboygan,Michigan,4
26033,Chippewa,Michigan,0
26035,Clare,Michigan,0
26037,Clinton,Michigan,21
26039,Crawford,Michigan,16
26041,Delta,Michigan,2
26043,Dickinson,Michigan,0
26045,Eaton,Michigan,32
26047,Emmet,Michigan,0
26049,Genesee,Michigan,194
26051,Gladwin,Michigan,3
26053,Gogebic,Michigan,0
26055,Grand Traverse,Michigan,0
26057,Gratiot,Michigan,3
26059,Hillsdale,Michigan,28
26061,Houghton,Michigan,0
26063,Huron,Michigan,4
26065,Ingham,Michigan,135
26067,Ionia,Michigan,110
26069,Iosco,Michigan,33
26071,Iron,Michigan,0
26073,Isabella,Michigan,11
26075,Jackson,Michigan,38
26077,Kalamazoo,Michigan,135
26079,Kalkaska,Michigan,0
26081,Kent,Michigan,560
26083,Keweenaw,Michigan,0
26085,Lake,Michigan,0
26087,Lapeer,Michigan,15
26089,Leelanau,Michigan,1
26091,Lenawee,Michigan,19
26093,Livingston,Michigan,34
26095,Luce,Michigan,0
26097,Mackinac,Michigan,1
26099,Macomb,Michigan,621
26101,Manistee,Michigan,0
26103,Marquette,Michigan,10
26105,Mason,Michigan,15
26107,Mecosta,Michigan,0
26109,Menominee,Michigan,4
26111,Midland,Michigan,12
26113,Missaukee,Michigan,4
26115,Monroe,Michigan,24
26117,Montcalm,Michigan,12
26119,Montmorency,Michigan,0
26121,Muskegon,Michigan,92
26123,Newaygo,Michigan,4
26125,Oakland,Michigan,758
26127,Oceana,Michigan,4
26129,Ogemaw,Michigan,6
26131,Ontonagon,Michigan,0
26133,Osceola,Michigan,1
26135,Oscoda,Michigan,0
26137,Otsego,Michigan,20
26139,Ottawa,Michigan,89
26141,Presque Isle,Michigan,2
26143,Roscommon,Michigan,3
26145,Saginaw,Michigan,184
26147,St. Clair,Michigan,78
26149,St. Joseph,Michigan,6
26151,Sanilac,Michigan,4
26153,Schoolcraft,Michigan,0
26155,Shiawassee,Michigan,61
26157,Tuscola,Michigan,28
26159,Van Buren,Michigan,11
26161,Washtenaw,Michigan,150
26163,Wayne,Michigan,1781
26165,Wexford,Michigan,1
27001,Aitkin,Minnesota,0
27003,Anoka,Minnesota,89
27005,Becker,Minnesota,0
27007,Beltrami,Minnesota,0
27009,Benton,Minnesota,34
27011,Big Stone,Minnesota,0
27013,Blue Earth,Minnesota,11
27015,Brown,Minnesota,0
27017,Carlton,Minnesota,16
27019,Carver,Minnesota,3
27021,Cass,Minnesota,0
27023,Chippewa,Minnesota,0
27025,Chisago,Minnesota,2
27027,Clay,Minnesota,50
27029,Clearwater,Minnesota,0
27031,Cook,Minnesota,0
27033,Cottonwood,Minnesota,36
27035,Crow Wing,Minnesota,0
27037,Dakota,Minnesota,32
27039,Dodge,Minnesota,3
27041,Douglas,Minnesota,0
27043,Faribault,Minnesota,0
27045,Fillmore,Minnesota,0
27047,Freeborn,Minnesota,1
27049,Goodhue,Minnesota,0
27051,Grant,Minnesota,0
27053,Hennepin,Minnesota,681
27055,Houston,Minnesota,0
27057,Hubbard,Minnesota,0
27059,Isanti,Minnesota,0
27061,Itasca,Minnesota,4
27063,Jackson,Minnesota,12
27065,Kanabec,Minnesota,0
27067,Kandiyohi,Minnesota,115
27069,Kittson,Minnesota,0
27071,Koochiching,Minnesota,0
27073,Lac qui Parle,Minnesota,0
27075,Lake,Minnesota,0
27077,Lake of the Woods,Minnesota,0
27079,Le Sueur,Minnesota,2
27081,Lincoln,Minnesota,0
27083,Lyon,Minnesota,1
27085,McLeod,Minnesota,0
27087,Mahnomen,Minnesota,0
27089,Marshall,Minnesota,0
27091,Martin,Minnesota,126
27093,Meeker,Minnesota,9
27095,Mille Lacs,Minnesota,0
27097,Morrison,Minnesota,28
27099,Mower,Minnesota,1
27101,Murray,Minnesota,10
27103,Nicollet,Minnesota,1
27105,Nobles,Minnesota,888
27107,Norman,Minnesota,3
27109,Olmsted,Minnesota,53
27111,Otter Tail,Minnesota,2
27113,Pennington,Minnesota,0
27115,Pine,Minnesota,11
27117,Pipestone,Minnesota,0
27119,Polk,Minnesota,10
27121,Pope,Minnesota,0
27123,Ramsey,Minnesota,224
27125,Red Lake,Minnesota,0
27127,Redwood,Minnesota,0
27129,Renville,Minnesota,0
27131,Rice,Minnesota,5
27133,Rock,Minnesota,8
27135,Roseau,Minnesota,0
27137,St. Louis,Minnesota,15
27139,Scott,Minnesota,18
27141,Sherburne,Minnesota,5
27143,Sibley,Minnesota,0
27145,Stearns,Minnesota,1141
27147,Steele,Minnesota,5
27149,Stevens,Minnesota,0
27151,Swift,Minnesota,0
27153,Todd,Minnesota,2
27155,Traverse,Minnesota,0
27157,Wabasha,Minnesota,0
27159,Wadena,Minnesota,0
27161,Waseca,Minnesota,0
27163,Washington,Minnesota,43
27165,Watonwan,Minnesota,8
27167,Wilkin,Minnesota,2
27169,Winona,Minnesota,5
27171,Wright,Minnesota,11
27173,Yellow Medicine,Minnesota,0
28001,Adams,Mississippi,36
28003,Alcorn,Mississippi,2
28005,Amite,Mississippi,7
28007,Attala,Mississippi,37
28009,Benton,Mississippi,2
28011,Bolivar,Mississippi,14
28013,Calhoun,Mississippi,4
28015,Carroll,Mississippi,87
28017,Chickasaw,Mississippi,16
28019,Choctaw,Mississippi,1
28021,Claiborne,Mississippi,7
28023,Clarke,Mississippi,17
28025,Clay,Mississippi,11
28027,Coahoma,Mississippi,9
28029,Copiah,Mississippi,42
28031,Covington,Mississippi,21
28033,DeSoto,Mississippi,36
28035,Forrest,Mississippi,44
28037,Franklin,Mississippi,3
28039,George,Mississippi,2
28041,Greene,Mississippi,1
28043,Grenada,Mississippi,5
28045,Hancock,Mississippi,8
28047,Harrison,Mississippi,26
28049,Hinds,Mississippi,100
28051,Holmes,Mississippi,48
28053,Humphreys,Mississippi,8
28055,Issaquena,Mississippi,0
28057,Itawamba,Mississippi,30
28059,Jackson,Mississippi,38
28061,Jasper,Mississippi,14
28063,Jefferson,Mississippi,7
28065,Jefferson Davis,Mississippi,13
28067,Jones,Mississippi,38
28069,Kemper,Mississippi,28
28071,Lafayette,Mississippi,12
28073,Lamar,Mississippi,27
28075,Lauderdale,Mississippi,102
28077,Lawrence,Mississippi,21
28079,Leake,Mississippi,78
28081,Lee,Mississippi,11
28083,Leflore,Mississippi,29
28085,Lincoln,Mississippi,26
28087,Lowndes,Mississippi,15
28089,Madison,Mississippi,63
28091,Marion,Mississippi,21
28093,Marshall,Mississippi,4
28095,Monroe,Mississippi,42
28097,Montgomery,Mississippi,7
28099,Neshoba,Mississippi,76
28101,Newton,Mississippi,30
28103,Noxubee,Mississippi,34
28105,Oktibbeha,Mississippi,7
28107,Panola,Mississippi,6
28109,Pearl River,Mississippi,27
28111,Perry,Mississippi,5
28113,Pike,Mississippi,26
28115,Pontotoc,Mississippi,2
28117,Prentiss,Mississippi,6
28119,Quitman,Mississippi,0
28121,Rankin,Mississippi,35
28123,Scott,Mississippi,139
28125,Sharkey,Mississippi,1
28127,Simpson,Mississippi,8
28129,Smith,Mississippi,26
28131,Stone,Mississippi,0
28133,Sunflower,Mississippi,3
28135,Tallahatchie,Mississippi,1
28137,Tate,Mississippi,7
28139,Tippah,Mississippi,4
28141,Tishomingo,Mississippi,1
28143,Tunica,Mississippi,3
28145,Union,Mississippi,3
28147,Walthall,Mississippi,6
28149,Warren,Mississippi,36
28151,Washington,Mississippi,1
28153,Wayne,Mississippi,6
28155,Webster,Mississippi,2
28157,Wilkinson,Mississippi,4
28159,Winston,Mississippi,8
28161,Yalobusha,Mississippi,3
28163,Yazoo,Mississippi,28
29001,Adair,Missouri,0
29003,Andrew,Missouri,0
29005,Atchison,Missouri,0
29007,Audrain,Missouri,0
29009,Barry,Missouri,1
29011,Barton,Missouri,0
29013,Bates,Missouri,0
29015,Benton,Missouri,2
29017,Bollinger,Missouri,0
29019,Boone,Missouri,3
29021,Buchanan,Missouri,68
29023,Butler,Missouri,0
29025,Caldwell,Missouri,0
29027,Callaway,Missouri,0
29029,Camden,Missouri,3
29031,Cape Girardeau,Missouri,10
29033,Carroll,Missouri,0
29035,Carter,Missouri,0
29037,Cass,Missouri,11
29039,Cedar,Missouri,0
29041,Chariton,Missouri,0
29043,Christian,Missouri,1
29045,Clark,Missouri,0
29047,Clay,Missouri,6
29049,Clinton,Missouri,0
29051,Cole,Missouri,7
29053,Cooper,Missouri,1
29055,Crawford,Missouri,1
29057,Dade,Missouri,0
29059,Dallas,Missouri,0
29061,Daviess,Missouri,0
29063,DeKalb,Missouri,0
29065,Dent,Missouri,0
29067,Douglas,Missouri,0
29069,Dunklin,Missouri,2
29071,Franklin,Missouri,13
29073,Gasconade,Missouri,0
29075,Gentry,Missouri,0
29077,Greene,Missouri,5
29079,Grundy,Missouri,0
29081,Harrison,Missouri,0
29083,Henry,Missouri,1
29085,Hickory,Missouri,0
29087,Holt,Missouri,0
29089,Howard,Missouri,0
29091,Howell,Missouri,0
29093,Iron,Missouri,0
29095,Jackson,Missouri,22
29097,Jasper,Missouri,1
29099,Jefferson,Missouri,39
29101,Johnson,Missouri,2
29103,Knox,Missouri,0
29105,Laclede,Missouri,0
29107,Lafayette,Missouri,6
29109,Lawrence,Missouri,0
29111,Lewis,Missouri,0
29113,Lincoln,Missouri,15
29115,Linn,Missouri,0
29117,Livingston,Missouri,0
29119,McDonald,Missouri,0
29121,Macon,Missouri,0
29123,Madison,Missouri,0
29125,Maries,Missouri,0
29127,Marion,Missouri,0
29129,Mercer,Missouri,0
29131,Miller,Missouri,0
29133,Mississippi,Missouri,12
29135,Moniteau,Missouri,1
29137,Monroe,Missouri,0
29139,Montgomery,Missouri,0
29141,Morgan,Missouri,0
29143,New Madrid,Missouri,1
29145,Newton,Missouri,1
29147,Nodaway,Missouri,0
29149,Oregon,Missouri,0
29151,Osage,Missouri,0
29153,Ozark,Missouri,0
29155,Pemiscot,Missouri,11
29157,Perry,Missouri,5
29159,Pettis,Missouri,16
29161,Phelps,Missouri,0
29163,Pike,Missouri,4
29165,Platte,Missouri,3
29167,Polk,Missouri,0
29169,Pulaski,Missouri,2
29171,Putnam,Missouri,0
29173,Ralls,Missouri,0
29175,Randolph,Missouri,0
29177,Ray,Missouri,2
29179,Reynolds,Missouri,0
29181,Ripley,Missouri,1
29183,St. Charles,Missouri,99
29185,St. Clair,Missouri,0
29186,Ste. Genevieve,Missouri,0
29187,St. Francois,Missouri,3
29189,St. Louis,Missouri,542
29195,Saline,Missouri,69
29197,Schuyler,Missouri,0
29199,Scotland,Missouri,0
29201,Scott,Missouri,11
29203,Shannon,Missouri,0
29205,Shelby,Missouri,0
29207,Stoddard,Missouri,2
29209,Stone,Missouri,0
29211,Sullivan,Missouri,0
29213,Taney,Missouri,2
29215,Texas,Missouri,0
29217,Vernon,Missouri,0
29219,Warren,Missouri,1
29221,Washington,Missouri,1
29223,Wayne,Missouri,0
29225,Webster,Missouri,4
29227,Worth,Missouri,0
29229,Wright,Missouri,1
29510,St. Louis City,Missouri,182
30001,Beaverhead,Montana,0
30003,Big Horn,Montana,0
30005,Blaine,Montana,0
30007,Broadwater,Montana,0
30009,Carbon,Montana,0
30011,Carter,Montana,0
30013,Cascade,Montana,1
30015,Chouteau,Montana,0
30017,Custer,Montana,0
30019,Daniels,Montana,0
30021,Dawson,Montana,0
30023,Deer Lodge,Montana,0
30025,Fallon,Montana,0
30027,Fergus,Montana,-1
30029,Flathead,Montana,0
30031,Gallatin,Montana,0
30033,Garfield,Montana,0
30035,Glacier,Montana,1
30037,Golden Valley,Montana,0
30039,Granite,Montana,0
30041,Hill,Montana,0
30043,Jefferson,Montana,0
30045,Judith Basin,Montana,0
30047,Lake,Montana,0
30049,Lewis and Clark,Montana,1
30051,Liberty,Montana,0
30053,Lincoln,Montana,0
30055,McCone,Montana,0
30057,Madison,Montana,0
30059,Meagher,Montana,0
30061,Mineral,Montana,0
30063,Missoula,Montana,0
30065,Musselshell,Montana,0
30067,Park,Montana,0
30069,Petroleum,Montana,0
30071,Phillips,Montana,0
30073,Pondera,Montana,0
30075,Powder River,Montana,0
30077,Powell,Montana,0
30079,Prairie,Montana,0
30081,Ravalli,Montana,0
30083,Richland,Montana,0
30085,Roosevelt,Montana,1
30087,Rosebud,Montana,0
30089,Sanders,Montana,0
30091,Sheridan,Montana,0
30093,Silver Bow,Montana,0
30095,Stillwater,Montana,0
30097,Sweet Grass,Montana,0
30099,Teton,Montana,0
30101,Toole,Montana,1
30103,Treasure,Montana,0
30105,Valley,Montana,0
30107,Wheatland,Montana,0
30109,Wibaux,Montana,0
30111,Yellowstone,Montana,3
31001,Adams,Nebraska,54
31003,Antelope,Nebraska,0
31005,Arthur,Nebraska,0
31007,Banner,Nebraska,0
31009,Blaine,Nebraska,0
31011,Boone,Nebraska,0
31013,Box Butte,Nebraska,0
31015,Boyd,Nebraska,0
31017,Brown,Nebraska,0
31019,Buffalo,Nebraska,31
31021,Burt,Nebraska,0
31023,Butler,Nebraska,2
31025,Cass,Nebraska,0
31027,Cedar,Nebraska,0
31029,Chase,Nebraska,0
31031,Cherry,Nebraska,0
31033,Cheyenne,Nebraska,1
31035,Clay,Nebraska,4
31037,Colfax,Nebraska,244
31039,Cuming,Nebraska,6
31041,Custer,Nebraska,1
31043,Dakota,Nebraska,269
31045,Dawes,Nebraska,-1
31047,Dawson,Nebraska,132
31049,Deuel,Nebraska,0
31051,Dixon,Nebraska,12
31053,Dodge,Nebraska,17
31055,Douglas,Nebraska,716
31057,Dundy,Nebraska,0
31059,Fillmore,Nebraska,0
31061,Franklin,Nebraska,1
31063,Frontier,Nebraska,-1
31065,Furnas,Nebraska,0
31067,Gage,Nebraska,8
31069,Garden,Nebraska,0
31071,Garfield,Nebraska,0
31073,Gosper,Nebraska,1
31075,Grant,Nebraska,0
31077,Greeley,Nebraska,2
31079,Hall,Nebraska,402
31081,Hamilton,Nebraska,9
31083,Harlan,Nebraska,0
31085,Hayes,Nebraska,0
31087,Hitchcock,Nebraska,-1
31089,Holt,Nebraska,0
31091,Hooker,Nebraska,0
31093,Howard,Nebraska,4
31095,Jefferson,Nebraska,0
31097,Johnson,Nebraska,1
31099,Kearney,Nebraska,0
31101,Keith,Nebraska,0
31103,Keya Paha,Nebraska,0
31105,Kimball,Nebraska,0
31107,Knox,Nebraska,0
31109,Lancaster,Nebraska,361
31111,Lincoln,Nebraska,9
31113,Logan,Nebraska,0
31115,Loup,Nebraska,0
31117,McPherson,Nebraska,0
31119,Madison,Nebraska,37
31121,Merrick,Nebraska,3
31123,Morrill,Nebraska,0
31125,Nance,Nebraska,0
31127,Nemaha,Nebraska,0
31129,Nuckolls,Nebraska,0
31131,Otoe,Nebraska,0
31133,Pawnee,Nebraska,0
31135,Perkins,Nebraska,0
31137,Phelps,Nebraska,6
31139,Pierce,Nebraska,0
31141,Platte,Nebraska,183
31143,Polk,Nebraska,9
31145,Red Willow,Nebraska,1
31147,Richardson,Nebraska,0
31149,Rock,Nebraska,0
31151,Saline,Nebraska,130
31153,Sarpy,Nebraska,75
31155,Saunders,Nebraska,1
31157,Scotts Bluff,Nebraska,5
31159,Seward,Nebraska,2
31161,Sheridan,Nebraska,0
31163,Sherman,Nebraska,0
31165,Sioux,Nebraska,0
31167,Stanton,Nebraska,1
31169,Thayer,Nebraska,0
31171,Thomas,Nebraska,0
31173,Thurston,Nebraska,6
31175,Valley,Nebraska,0
31177,Washington,Nebraska,1
31179,Wayne,Nebraska,0
31181,Webster,Nebraska,1
31183,Wheeler,Nebraska,0
31185,York,Nebraska,3
32001,Churchill,Nevada,0
32003,Clark,Nevada,514
32005,Douglas,Nevada,3
32007,Elko,Nevada,2
32009,Esmeralda,Nevada,0
32011,Eureka,Nevada,0
32013,Humboldt,Nevada,5
32015,Lander,Nevada,0
32017,Lincoln,Nevada,0
32019,Lyon,Nevada,8
32021,Mineral,Nevada,2
32023,Nye,Nevada,8
32027,Pershing,Nevada,0
32029,Storey,Nevada,0
32031,Washoe,Nevada,125
32033,White Pine,Nevada,0
32510,Carson City,Nevada,12
33001,Belknap,New Hampshire,6
33003,Carroll,New Hampshire,0
33005,Cheshire,New Hampshire,4
33007,Coos,New Hampshire,0
33009,Grafton,New Hampshire,3
33011,Hillsborough,New Hampshire,266
33013,Merrimack,New Hampshire,72
33015,Rockingham,New Hampshire,149
33017,Strafford,New Hampshire,27
33019,Sullivan,New Hampshire,2
34001,Atlantic,New Jersey,646
34003,Bergen,New Jersey,1217
34005,Burlington,New Jersey,602
34007,Camden,New Jersey,954
34009,Cape May,New Jersey,86
34011,Cumberland,New Jersey,364
34013,Essex,New Jersey,1082
34015,Gloucester,New Jersey,371
34017,Hudson,New Jersey,2258
34019,Hunterdon,New Jersey,134
34021,Mercer,New Jersey,1193
34023,Middlesex,New Jersey,1962
34025,Monmouth,New Jersey,784
34027,Morris,New Jersey,608
34029,Ocean,New Jersey,856
34031,Passaic,New Jersey,2691
34033,Salem,New Jersey,100
34035,Somerset,New Jersey,674
34037,Sussex,New Jersey,118
34039,Union,New Jersey,1575
34041,Warren,New Jersey,242
35001,Bernalillo,New Mexico,209
35003,Catron,New Mexico,0
35005,Chaves,New Mexico,0
35006,Cibola,New Mexico,14
35007,Colfax,New Mexico,0
35009,Curry,New Mexico,6
35011,De Baca,New Mexico,0
35013,Dona Ana,New Mexico,50
35015,Eddy,New Mexico,2
35017,Grant,New Mexico,0
35019,Guadalupe,New Mexico,5
35021,Harding,New Mexico,0
35023,Hidalgo,New Mexico,0
35025,Lea,New Mexico,0
35027,Lincoln,New Mexico,0
35028,Los Alamos,New Mexico,0
35029,Luna,New Mexico,1
35031,McKinley,New Mexico,488
35033,Mora,New Mexico,0
35035,Otero,New Mexico,0
35037,Quay,New Mexico,0
35039,Rio Arriba,New Mexico,3
35041,Roosevelt,New Mexico,4
35043,Sandoval,New Mexico,42
35045,San Juan,New Mexico,240
35047,San Miguel,New Mexico,0
35049,Santa Fe,New Mexico,8
35051,Sierra,New Mexico,0
35053,Socorro,New Mexico,7
35055,Taos,New Mexico,3
35057,Torrance,New Mexico,2
35059,Union,New Mexico,0
35061,Valencia,New Mexico,9
36001,Albany,New York,448
36003,Allegany,New York,6
36005,Bronx,New York,0
36007,Broome,New York,52
36009,Cattaraugus,New York,9
36011,Cayuga,New York,9
36013,Chautauqua,New York,5
36015,Chemung,New York,28
36017,Chenango,New York,12
36019,Clinton,New York,4
36021,Columbia,New York,44
36023,Cortland,New York,3
36025,Delaware,New York,5
36027,Dutchess,New York,475
36029,Erie,New York,823
36031,Essex,New York,6
36033,Franklin,New York,1
36035,Fulton,New York,17
36037,Genesee,New York,34
36039,Greene,New York,28
36041,Hamilton,New York,0
36043,Herkimer,New York,4
36045,Jefferson,New York,4
36047,Kings,New York,0
36049,Lewis,New York,1
36051,Livingston,New York,15
36053,Madison,New York,15
36055,Monroe,New York,283
36057,Montgomery,New York,11
36059,Nassau,New York,2739
36061,New York,New York,19077
36063,Niagara,New York,111
36065,Oneida,New York,116
36067,Onondaga,New York,250
36069,Ontario,New York,14
36071,Orange,New York,1297
36073,Orleans,New York,27
36075,Oswego,New York,10
36077,Otsego,New York,13
36079,Putnam,New York,189
36081,Queens,New York,0
36083,Rensselaer,New York,74
36085,Richmond,New York,0
36087,Rockland,New York,1186
36089,St. Lawrence,New York,30
36091,Saratoga,New York,74
36093,Schenectady,New York,134
36095,Schoharie,New York,9
36097,Schuyler,New York,0
36099,Seneca,New York,9
36101,Steuben,New York,27
36103,Suffolk,New York,3359
36105,Sullivan,New York,217
36107,Tioga,New York,35
36109,Tompkins,New York,5
36111,Ulster,New York,254
36113,Warren,New York,54
36115,Washington,New York,94
36117,Wayne,New York,13
36119,Westchester,New York,2846
36121,Wyoming,New York,14
36123,Yates,New York,6
37001,Alamance,North Carolina,26
37003,Alexander,North Carolina,0
37005,Alleghany,North Carolina,1
37007,Anson,North Carolina,6
37009,Ashe,North Carolina,1
37011,Avery,North Carolina,0
37013,Beaufort,North Carolina,5
37015,Bertie,North Carolina,10
37017,Bladen,North Carolina,38
37019,Brunswick,North Carolina,6
37021,Buncombe,North Carolina,14
37023,Burke,North Carolina,24
37025,Cabarrus,North Carolina,79
37027,Caldwell,North Carolina,7
37029,Camden,North Carolina,0
37031,Carteret,North Carolina,5
37033,Caswell,North Carolina,8
37035,Catawba,North Carolina,8
37037,Chatham,North Carolina,184
37039,Cherokee,North Carolina,1
37041,Chowan,North Carolina,1
37043,Clay,North Carolina,0
37045,Cleveland,North Carolina,0
37047,Columbus,North Carolina,132
37049,Craven,North Carolina,3
37051,Cumberland,North Carolina,75
37053,Currituck,North Carolina,0
37055,Dare,North Carolina,2
37057,Davidson,North Carolina,31
37059,Davie,North Carolina,5
37061,Duplin,North Carolina,65
37063,Durham,North Carolina,316
37065,Edgecombe,North Carolina,27
37067,Forsyth,North Carolina,224
37069,Franklin,North Carolina,22
37071,Gaston,North Carolina,7
37073,Gates,North Carolina,1
37075,Graham,North Carolina,0
37077,Granville,North Carolina,17
37079,Greene,North Carolina,3
37081,Guilford,North Carolina,134
37083,Halifax,North Carolina,18
37085,Harnett,North Carolina,60
37087,Haywood,North Carolina,5
37089,Henderson,North Carolina,49
37091,Hertford,North Carolina,19
37093,Hoke,North Carolina,47
37095,Hyde,North Carolina,0
37097,Iredell,North Carolina,18
37099,Jackson,North Carolina,16
37101,Johnston,North Carolina,42
37103,Jones,North Carolina,3
37105,Lee,North Carolina,116
37107,Lenoir,North Carolina,55
37109,Lincoln,North Carolina,5
37111,McDowell,North Carolina,5
37113,Macon,North Carolina,0
37115,Madison,North Carolina,0
37117,Martin,North Carolina,4
37119,Mecklenburg,North Carolina,310
37121,Mitchell,North Carolina,0
37123,Montgomery,North Carolina,19
37125,Moore,North Carolina,26
37127,Nash,North Carolina,4
37129,New Hanover,North Carolina,3
37131,Northampton,North Carolina,12
37133,Onslow,North Carolina,5
37135,Orange,North Carolina,22
37137,Pamlico,North Carolina,1
37139,Pasquotank,North Carolina,7
37141,Pender,North Carolina,3
37143,Perquimans,North Carolina,0
37145,Person,North Carolina,3
37147,Pitt,North Carolina,22
37149,Polk,North Carolina,14
37151,Randolph,North Carolina,146
37153,Richmond,North Carolina,14
37155,Robeson,North Carolina,126
37157,Rockingham,North Carolina,5
37159,Rowan,North Carolina,99
37161,Rutherford,North Carolina,41
37163,Sampson,North Carolina,56
37165,Scotland,North Carolina,6
37167,Stanly,North Carolina,6
37169,Stokes,North Carolina,0
37171,Surry,North Carolina,0
37173,Swain,North Carolina,0
37175,Transylvania,North Carolina,0
37177,Tyrrell,North Carolina,0
37179,Union,North Carolina,66
37181,Vance,North Carolina,37
37183,Wake,North Carolina,195
37185,Warren,North Carolina,12
37187,Washington,North Carolina,1
37189,Watauga,North Carolina,0
37191,Wayne,North Carolina,114
37193,Wilkes,North Carolina,27
37195,Wilson,North Carolina,37
37197,Yadkin,North Carolina,3
37199,Yancey,North Carolina,0
38001,Adams,North Dakota,0
38003,Barnes,North Dakota,0
38005,Benson,North Dakota,0
38007,Billings,North Dakota,0
38009,Bottineau,North Dakota,0
38011,Bowman,North Dakota,0
38013,Burke,North Dakota,0
38015,Burleigh,North Dakota,14
38017,Cass,North Dakota,256
38019,Cavalier,North Dakota,0
38021,Dickey,North Dakota,0
38023,Divide,North Dakota,0
38025,Dunn,North Dakota,2
38027,Eddy,North Dakota,0
38029,Emmons,North Dakota,0
38031,Foster,North Dakota,0
38033,Golden Valley,North Dakota,0
38035,Grand Forks,North Dakota,86
38037,Grant,North Dakota,0
38039,Griggs,North Dakota,0
38041,Hettinger,North Dakota,0
38043,Kidder,North Dakota,0
38045,LaMoure,North Dakota,0
38047,Logan,North Dakota,0
38049,McHenry,North Dakota,0
38051,McIntosh,North Dakota,0
38053,McKenzie,North Dakota,3
38055,McLean,North Dakota,0
38057,Mercer,North Dakota,0
38059,Morton,North Dakota,3
38061,Mountrail,North Dakota,5
38063,Nelson,North Dakota,0
38065,Oliver,North Dakota,0
38067,Pembina,North Dakota,2
38069,Pierce,North Dakota,0
38071,Ramsey,North Dakota,0
38073,Ransom,North Dakota,0
38075,Renville,North Dakota,0
38077,Richland,North Dakota,1
38079,Rolette,North Dakota,0
38081,Sargent,North Dakota,0
38083,Sheridan,North Dakota,0
38085,Sioux,North Dakota,0
38087,Slope,North Dakota,0
38089,Stark,North Dakota,13
38091,Steele,North Dakota,0
38093,Stutsman,North Dakota,2
38095,Towner,North Dakota,0
38097,Traill,North Dakota,0
38099,Walsh,North Dakota,1
38101,Ward,North Dakota,0
38103,Wells,North Dakota,0
38105,Williams,North Dakota,1
39001,Adams,Ohio,0
39003,Allen,Ohio,30
39005,Ashland,Ohio,1
39007,Ashtabula,Ohio,30
39009,Athens,Ohio,0
39011,Auglaize,Ohio,7
39013,Belmont,Ohio,84
39015,Brown,Ohio,0
39017,Butler,Ohio,87
39019,Carroll,Ohio,4
39021,Champaign,Ohio,3
39023,Clark,Ohio,31
39025,Clermont,Ohio,22
39027,Clinton,Ohio,3
39029,Columbiana,Ohio,56
39031,Coshocton,Ohio,1
39033,Crawford,Ohio,9
39035,Cuyahoga,Ohio,442
39037,Darke,Ohio,13
39039,Defiance,Ohio,4
39041,Delaware,Ohio,30
39043,Erie,Ohio,17
39045,Fairfield,Ohio,43
39047,Fayette,Ohio,2
39049,Franklin,Ohio,1328
39051,Fulton,Ohio,5
39053,Gallia,Ohio,0
39055,Geauga,Ohio,21
39057,Greene,Ohio,7
39059,Guernsey,Ohio,2
39061,Hamilton,Ohio,403
39063,Hancock,Ohio,6
39065,Hardin,Ohio,6
39067,Harrison,Ohio,1
39069,Henry,Ohio,1
39071,Highland,Ohio,2
39073,Hocking,Ohio,9
39075,Holmes,Ohio,1
39077,Huron,Ohio,6
39079,Jackson,Ohio,0
39081,Jefferson,Ohio,9
39083,Knox,Ohio,2
39085,Lake,Ohio,23
39087,Lawrence,Ohio,2
39089,Licking,Ohio,16
39091,Logan,Ohio,3
39093,Lorain,Ohio,123
39095,Lucas,Ohio,359
39097,Madison,Ohio,18
39099,Mahoning,Ohio,169
39101,Marion,Ohio,120
39103,Medina,Ohio,18
39105,Meigs,Ohio,0
39107,Mercer,Ohio,4
39109,Miami,Ohio,7
39111,Monroe,Ohio,0
39113,Montgomery,Ohio,46
39115,Morgan,Ohio,0
39117,Morrow,Ohio,16
39119,Muskingum,Ohio,2
39121,Noble,Ohio,0
39123,Ottawa,Ohio,3
39125,Paulding,Ohio,1
39127,Perry,Ohio,1
39129,Pickaway,Ohio,110
39131,Pike,Ohio,0
39133,Portage,Ohio,28
39135,Preble,Ohio,3
39137,Putnam,Ohio,-3
39139,Richland,Ohio,15
39141,Ross,Ohio,9
39143,Sandusky,Ohio,7
39145,Scioto,Ohio,2
39147,Seneca,Ohio,2
39149,Shelby,Ohio,0
39151,Stark,Ohio,78
39153,Summit,Ohio,174
39155,Trumbull,Ohio,26
39157,Tuscarawas,Ohio,38
39159,Union,Ohio,4
39161,Van Wert,Ohio,0
39163,Vinton,Ohio,-5
39165,Warren,Ohio,32
39167,Washington,Ohio,23
39169,Wayne,Ohio,36
39171,Williams,Ohio,8
39173,Wood,Ohio,56
39175,Wyandot,Ohio,3
40001,Adair,Oklahoma,14
40003,Alfalfa,Oklahoma,0
40005,Atoka,Oklahoma,0
40007,Beaver,Oklahoma,9
40009,Beckham,Oklahoma,1
40011,Blaine,Oklahoma,0
40013,Bryan,Oklahoma,1
40015,Caddo,Oklahoma,14
40017,Canadian,Oklahoma,17
40019,Carter,Oklahoma,0
40021,Cherokee,Oklahoma,0
40023,Choctaw,Oklahoma,0
40025,Cimarron,Oklahoma,0
40027,Cleveland,Oklahoma,44
40029,Coal,Oklahoma,0
40031,Comanche,Oklahoma,6
40033,Cotton,Oklahoma,0
40035,Craig,Oklahoma,2
40037,Creek,Oklahoma,6
40039,Custer,Oklahoma,1
40041,Delaware,Oklahoma,0
40043,Dewey,Oklahoma,0
40045,Ellis,Oklahoma,0
40047,Garfield,Oklahoma,6
40049,Garvin,Oklahoma,1
40051,Grady,Oklahoma,9
40053,Grant,Oklahoma,0
40055,Greer,Oklahoma,5
40057,Harmon,Oklahoma,0
40059,Harper,Oklahoma,0
40061,Haskell,Oklahoma,0
40063,Hughes,Oklahoma,0
40065,Jackson,Oklahoma,2
40067,Jefferson,Oklahoma,0
40069,Johnston,Oklahoma,0
40071,Kay,Oklahoma,0
40073,Kingfisher,Oklahoma,1
40075,Kiowa,Oklahoma,0
40077,Latimer,Oklahoma,0
40079,Le Flore,Oklahoma,3
40081,Lincoln,Oklahoma,4
40083,Logan,Oklahoma,3
40085,Love,Oklahoma,0
40087,McClain,Oklahoma,1
40089,McCurtain,Oklahoma,0
40091,McIntosh,Oklahoma,0
40093,Major,Oklahoma,0
40095,Marshall,Oklahoma,0
40097,Mayes,Oklahoma,3
40099,Murray,Oklahoma,0
40101,Muskogee,Oklahoma,5
40103,Noble,Oklahoma,0
40105,Nowata,Oklahoma,4
40107,Okfuskee,Oklahoma,0
40109,Oklahoma,Oklahoma,155
40111,Okmulgee,Oklahoma,2
40113,Osage,Oklahoma,8
40115,Ottawa,Oklahoma,4
40117,Pawnee,Oklahoma,1
40119,Payne,Oklahoma,5
40121,Pittsburg,Oklahoma,9
40123,Pontotoc,Oklahoma,0
40125,Pottawatomie,Oklahoma,7
40127,Pushmataha,Oklahoma,0
40129,Roger Mills,Oklahoma,0
40131,Rogers,Oklahoma,17
40133,Seminole,Oklahoma,2
40135,Sequoyah,Oklahoma,0
40137,Stephens,Oklahoma,4
40139,Texas,Oklahoma,125
40141,Tillman,Oklahoma,0
40143,Tulsa,Oklahoma,168
40145,Wagoner,Oklahoma,9
40147,Washington,Oklahoma,56
40149,Washita,Oklahoma,0
40151,Woods,Oklahoma,0
40153,Woodward,Oklahoma,0
41001,Baker,Oregon,0
41003,Benton,Oregon,2
41005,Clackamas,Oregon,18
41007,Clatsop,Oregon,0
41009,Columbia,Oregon,2
41011,Coos,Oregon,17
41013,Crook,Oregon,0
41015,Curry,Oregon,0
41017,Deschutes,Oregon,9
41019,Douglas,Oregon,3
41021,Gilliam,Oregon,0
41023,Grant,Oregon,0
41025,Harney,Oregon,0
41027,Hood River,Oregon,1
41029,Jackson,Oregon,0
41031,Jefferson,Oregon,9
41033,Josephine,Oregon,0
41035,Klamath,Oregon,3
41037,Lake,Oregon,0
41039,Lane,Oregon,0
41041,Lincoln,Oregon,0
41043,Linn,Oregon,16
41045,Malheur,Oregon,1
41047,Marion,Oregon,100
41049,Morrow,Oregon,0
41051,Multnomah,Oregon,121
41053,Polk,Oregon,4
41055,Sherman,Oregon,0
41057,Tillamook,Oregon,1
41059,Umatilla,Oregon,18
41061,Union,Oregon,0
41063,Wallowa,Oregon,0
41065,Wasco,Oregon,2
41067,Washington,Oregon,40
41069,Wheeler,Oregon,0
41071,Yamhill,Oregon,4
42001,Adams,Pennsylvania,39
42003,Allegheny,Pennsylvania,154
42005,Armstrong,Pennsylvania,7
42007,Beaver,Pennsylvania,98
42009,Bedford,Pennsylvania,6
42011,Berks,Pennsylvania,483
42013,Blair,Pennsylvania,5
42015,Bradford,Pennsylvania,6
42017,Bucks,Pennsylvania,608
42019,Butler,Pennsylvania,19
42021,Cambria,Pennsylvania,7
42023,Cameron,Pennsylvania,0
42025,Carbon,Pennsylvania,24
42027,Centre,Pennsylvania,18
42029,Chester,Pennsylvania,385
42031,Clarion,Pennsylvania,4
42033,Clearfield,Pennsylvania,2
42035,Clinton,Pennsylvania,12
42037,Columbia,Pennsylvania,7
42039,Crawford,Pennsylvania,1
42041,Cumberland,Pennsylvania,130
42043,Dauphin,Pennsylvania,131
42045,Delaware,Pennsylvania,789
42047,Elk,Pennsylvania,0
42049,Erie,Pennsylvania,25
42051,Fayette,Pennsylvania,5
42053,Forest,Pennsylvania,0
42055,Franklin,Pennsylvania,154
42057,Fulton,Pennsylvania,1
42059,Greene,Pennsylvania,0
42061,Huntingdon,Pennsylvania,50
42063,Indiana,Pennsylvania,9
42065,Jefferson,Pennsylvania,0
42067,Juniata,Pennsylvania,8
42069,Lackawanna,Pennsylvania,205
42071,Lancaster,Pennsylvania,378
42073,Lawrence,Pennsylvania,4
42075,Lebanon,Pennsylvania,143
42077,Lehigh,Pennsylvania,453
42079,Luzerne,Pennsylvania,209
42081,Lycoming,Pennsylvania,26
42083,McKean,Pennsylvania,1
42085,Mercer,Pennsylvania,-1
42087,Mifflin,Pennsylvania,11
42089,Monroe,Pennsylvania,96
42091,Montgomery,Pennsylvania,961
42093,Montour,Pennsylvania,3
42095,Northampton,Pennsylvania,474
42097,Northumberland,Pennsylvania,7
42099,Perry,Pennsylvania,6
42101,Philadelphia,Pennsylvania,3484
42103,Pike,Pennsylvania,57
42105,Potter,Pennsylvania,0
42107,Schuylkill,Pennsylvania,109
42109,Snyder,Pennsylvania,5
42111,Somerset,Pennsylvania,5
42113,Sullivan,Pennsylvania,0
42115,Susquehanna,Pennsylvania,11
42117,Tioga,Pennsylvania,3
42119,Union,Pennsylvania,8
42121,Venango,Pennsylvania,1
42123,Warren,Pennsylvania,0
42125,Washington,Pennsylvania,21
42127,Wayne,Pennsylvania,19
42129,Westmoreland,Pennsylvania,76
42131,Wyoming,Pennsylvania,5
42133,York,Pennsylvania,83
44001,Bristol,Rhode Island,43
44003,Kent,Rhode Island,193
44005,Newport,Rhode Island,32
44007,Providence,Rhode Island,2060
44009,Washington,Rhode Island,84
45001,Abbeville,South Carolina,8
45003,Aiken,South Carolina,21
45005,Allendale,South Carolina,2
45007,Anderson,South Carolina,25
45009,Bamberg,South Carolina,2
45011,Barnwell,South Carolina,10
45013,Beaufort,South Carolina,19
45015,Berkeley,South Carolina,30
45017,Calhoun,South Carolina,1
45019,Charleston,South Carolina,29
45021,Cherokee,South Carolina,3
45023,Chester,South Carolina,7
45025,Chesterfield,South Carolina,10
45027,Clarendon,South Carolina,61
45029,Colleton,South Carolina,2
45031,Darlington,South Carolina,40
45033,Dillon,South Carolina,23
45035,Dorchester,South Carolina,13
45037,Edgefield,South Carolina,9
45039,Fairfield,South Carolina,7
45041,Florence,South Carolina,104
45043,Georgetown,South Carolina,7
45045,Greenville,South Carolina,166
45047,Greenwood,South Carolina,11
45049,Hampton,South Carolina,3
45051,Horry,South Carolina,20
45053,Jasper,South Carolina,3
45055,Kershaw,South Carolina,33
45057,Lancaster,South Carolina,16
45059,Laurens,South Carolina,8
45061,Lee,South Carolina,16
45063,Lexington,South Carolina,72
45065,McCormick,South Carolina,0
45067,Marion,South Carolina,11
45069,Marlboro,South Carolina,10
45071,Newberry,South Carolina,5
45073,Oconee,South Carolina,6
45075,Orangeburg,South Carolina,22
45077,Pickens,South Carolina,12
45079,Richland,South Carolina,164
45081,Saluda,South Carolina,25
45083,Spartanburg,South Carolina,67
45085,Sumter,South Carolina,31
45087,Union,South Carolina,3
45089,Williamsburg,South Carolina,18
45091,York,South Carolina,61
46003,Aurora,South Dakota,0
46005,Beadle,South Dakota,1
46007,Bennett,South Dakota,0
46009,Bon Homme,South Dakota,0
46011,Brookings,South Dakota,2
46013,Brown,South Dakota,11
46015,Brule,South Dakota,0
46017,Buffalo,South Dakota,0
46019,Butte,South Dakota,0
46021,Campbell,South Dakota,0
46023,Charles Mix,South Dakota,0
46025,Clark,South Dakota,0
46027,Clay,South Dakota,0
46029,Codington,South Dakota,0
46031,Corson,South Dakota,0
46033,Custer,South Dakota,0
46035,Davison,South Dakota,0
46037,Day,South Dakota,0
46039,Deuel,South Dakota,0
46041,Dewey,South Dakota,0
46043,Douglas,South Dakota,0
46045,Edmunds,South Dakota,0
46047,Fall River,South Dakota,0
46049,Faulk,South Dakota,0
46051,Grant,South Dakota,0
46053,Gregory,South Dakota,0
46055,Haakon,South Dakota,0
46057,Hamlin,South Dakota,0
46059,Hand,South Dakota,0
46061,Hanson,South Dakota,0
46063,Harding,South Dakota,0
46065,Hughes,South Dakota,1
46067,Hutchinson,South Dakota,0
46069,Hyde,South Dakota,0
46071,Jackson,South Dakota,0
46073,Jerauld,South Dakota,1
46075,Jones,South Dakota,0
46077,Kingsbury,South Dakota,0
46079,Lake,South Dakota,0
46081,Lawrence,South Dakota,0
46083,Lincoln,South Dakota,41
46085,Lyman,South Dakota,0
46087,McCook,South Dakota,0
46089,McPherson,South Dakota,0
46091,Marshall,South Dakota,0
46093,Meade,South Dakota,0
46095,Mellette,South Dakota,0
46097,Miner,South Dakota,0
46099,Minnehaha,South Dakota,616
46101,Moody,South Dakota,2
46102,Oglala Lakota,South Dakota,0
46103,Pennington,South Dakota,2
46105,Perkins,South Dakota,0
46107,Potter,South Dakota,0
46109,Roberts,South Dakota,0
46111,Sanborn,South Dakota,0
46115,Spink,South Dakota,0
46117,Stanley,South Dakota,6
46119,Sully,South Dakota,0
46121,Todd,South Dakota,0
46123,Tripp,South Dakota,0
46125,Turner,South Dakota,3
46127,Union,South Dakota,7
46129,Walworth,South Dakota,0
46135,Yankton,South Dakota,-1
46137,Ziebach,South Dakota,0
47001,Anderson,Tennessee,5
47003,Bedford,Tennessee,15
47005,Benton,Tennessee,0
47007,Bledsoe,Tennessee,40
47009,Blount,Tennessee,6
47011,Bradley,Tennessee,9
47013,Campbell,Tennessee,2
47015,Cannon,Tennessee,2
47017,Carroll,Tennessee,4
47019,Carter,Tennessee,2
47021,Cheatham,Tennessee,16
47023,Chester,Tennessee,1
47025,Claiborne,Tennessee,0
47027,Clay,Tennessee,1
47029,Cocke,Tennessee,4
47031,Coffee,Tennessee,11
47033,Crockett,Tennessee,0
47035,Cumberland,Tennessee,13
47037,Davidson,Tennessee,657
47039,Decatur,Tennessee,0
47041,DeKalb,Tennessee,2
47043,Dickson,Tennessee,15
47045,Dyer,Tennessee,5
47047,Fayette,Tennessee,9
47049,Fentress,Tennessee,0
47051,Franklin,Tennessee,7
47053,Gibson,Tennessee,11
47055,Giles,Tennessee,1
47057,Grainger,Tennessee,0
47059,Greene,Tennessee,8
47061,Grundy,Tennessee,0
47063,Hamblen,Tennessee,4
47065,Hamilton,Tennessee,26
47067,Hancock,Tennessee,0
47069,Hardeman,Tennessee,3
47071,Hardin,Tennessee,1
47073,Hawkins,Tennessee,1
47075,Haywood,Tennessee,4
47077,Henderson,Tennessee,1
47079,Henry,Tennessee,2
47081,Hickman,Tennessee,-6
47083,Houston,Tennessee,0
47085,Humphreys,Tennessee,2
47087,Jackson,Tennessee,0
47089,Jefferson,Tennessee,3
47091,Johnson,Tennessee,0
47093,Knox,Tennessee,36
47095,Lake,Tennessee,16
47097,Lauderdale,Tennessee,5
47099,Lawrence,Tennessee,3
47101,Lewis,Tennessee,0
47103,Lincoln,Tennessee,2
47105,Loudon,Tennessee,7
47107,McMinn,Tennessee,37
47109,McNairy,Tennessee,1
47111,Macon,Tennessee,2
47113,Madison,Tennessee,38
47115,Marion,Tennessee,1
47117,Marshall,Tennessee,3
47119,Maury,Tennessee,5
47121,Meigs,Tennessee,2
47123,Monroe,Tennessee,6
47125,Montgomery,Tennessee,23
47127,Moore,Tennessee,0
47129,Morgan,Tennessee,0
47131,Obion,Tennessee,2
47133,Overton,Tennessee,1
47135,Perry,Tennessee,1
47137,Pickett,Tennessee,0
47139,Polk,Tennessee,1
47141,Putnam,Tennessee,20
47143,Rhea,Tennessee,1
47145,Roane,Tennessee,0
47147,Robertson,Tennessee,29
47149,Rutherford,Tennessee,132
47151,Scott,Tennessee,2
47153,Sequatchie,Tennessee,0
47155,Sevier,Tennessee,13
47157,Shelby,Tennessee,531
47159,Smith,Tennessee,5
47161,Stewart,Tennessee,1
47163,Sullivan,Tennessee,2
47165,Sumner,Tennessee,50
47167,Tipton,Tennessee,20
47169,Trousdale,Tennessee,154
47171,Unicoi,Tennessee,0
47173,Union,Tennessee,0
47175,Van Buren,Tennessee,0
47177,Warren,Tennessee,1
47179,Washington,Tennessee,6
47181,Wayne,Tennessee,0
47183,Weakley,Tennessee,9
47185,White,Tennessee,1
47187,Williamson,Tennessee,37
47189,Wilson,Tennessee,53
48001,Anderson,Texas,18
48003,Andrews,Texas,3
48005,Angelina,Texas,23
48007,Aransas,Texas,0
48009,Archer,Texas,0
48011,Armstrong,Texas,0
48013,Atascosa,Texas,5
48015,Austin,Texas,1
48017,Bailey,Texas,0
48019,Bandera,Texas,1
48021,Bastrop,Texas,18
48023,Baylor,Texas,0
48025,Bee,Texas,1
48027,Bell,Texas,42
48029,Bexar,Texas,298
48031,Blanco,Texas,1
48033,Borden,Texas,0
48035,Bosque,Texas,0
48037,Bowie,Texas,2
48039,Brazoria,Texas,114
48041,Brazos,Texas,16
48043,Brewster,Texas,0
48045,Briscoe,Texas,0
48047,Brooks,Texas,0
48049,Brown,Texas,10
48051,Burleson,Texas,2
48053,Burnet,Texas,5
48055,Caldwell,Texas,3
48057,Calhoun,Texas,6
48059,Callahan,Texas,0
48061,Cameron,Texas,78
48063,Camp,Texas,1
48065,Carson,Texas,0
48067,Cass,Texas,1
48069,Castro,Texas,0
48071,Chambers,Texas,3
48073,Cherokee,Texas,2
48075,Childress,Texas,0
48077,Clay,Texas,0
48079,Cochran,Texas,0
48081,Coke,Texas,0
48083,Coleman,Texas,0
48085,Collin,Texas,116
48087,Collingsworth,Texas,0
48089,Colorado,Texas,2
48091,Comal,Texas,9
48093,Comanche,Texas,0
48095,Concho,Texas,0
48097,Cooke,Texas,2
48099,Coryell,Texas,54
48101,Cottle,Texas,0
48103,Crane,Texas,0
48105,Crockett,Texas,0
48107,Crosby,Texas,0
48109,Culberson,Texas,0
48111,Dallam,Texas,3
48113,Dallas,Texas,760
48115,Dawson,Texas,6
48117,Deaf Smith,Texas,17
48119,Delta,Texas,0
48121,Denton,Texas,102
48123,DeWitt,Texas,1
48125,Dickens,Texas,0
48127,Dimmit,Texas,0
48129,Donley,Texas,0
48131,Duval,Texas,0
48133,Eastland,Texas,0
48135,Ector,Texas,19
48137,Edwards,Texas,0
48139,Ellis,Texas,37
48141,El Paso,Texas,254
48143,Erath,Texas,1
48145,Falls,Texas,0
48147,Fannin,Texas,5
48149,Fayette,Texas,1
48151,Fisher,Texas,0
48153,Floyd,Texas,0
48155,Foard,Texas,0
48157,Fort Bend,Texas,162
48159,Franklin,Texas,0
48161,Freestone,Texas,0
48163,Frio,Texas,10
48165,Gaines,Texas,0
48167,Galveston,Texas,94
48169,Garza,Texas,-1
48171,Gillespie,Texas,0
48173,Glasscock,Texas,-1
48175,Goliad,Texas,1
48177,Gonzales,Texas,17
48179,Gray,Texas,34
48181,Grayson,Texas,12
48183,Gregg,Texas,16
48185,Grimes,Texas,6
48187,Guadalupe,Texas,17
48189,Hale,Texas,7
48191,Hall,Texas,0
48193,Hamilton,Texas,1
48195,Hansford,Texas,3
48197,Hardeman,Texas,0
48199,Hardin,Texas,10
48201,Harris,Texas,1821
48203,Harrison,Texas,31
48205,Hartley,Texas,1
48207,Haskell,Texas,0
48209,Hays,Texas,33
48211,Hemphill,Texas,0
48213,Henderson,Texas,6
48215,Hidalgo,Texas,48
48217,Hill,Texas,3
48219,Hockley,Texas,3
48221,Hood,Texas,3
48223,Hopkins,Texas,0
48225,Houston,Texas,0
48227,Howard,Texas,0
48229,Hudspeth,Texas,0
48231,Hunt,Texas,5
48233,Hutchinson,Texas,4
48235,Irion,Texas,0
48237,Jack,Texas,0
48239,Jackson,Texas,1
48241,Jasper,Texas,5
48243,Jeff Davis,Texas,0
48245,Jefferson,Texas,89
48247,Jim Hogg,Texas,4
48249,Jim Wells,Texas,0
48251,Johnson,Texas,17
48253,Jones,Texas,55
48255,Karnes,Texas,0
48257,Kaufman,Texas,30
48259,Kendall,Texas,2
48261,Kenedy,Texas,0
48263,Kent,Texas,0
48265,Kerr,Texas,0
48267,Kimble,Texas,0
48269,King,Texas,0
48271,Kinney,Texas,0
48273,Kleberg,Texas,1
48275,Knox,Texas,0
48277,Lamar,Texas,0
48279,Lamb,Texas,0
48281,Lampasas,Texas,0
48283,La Salle,Texas,0
48285,Lavaca,Texas,0
48287,Lee,Texas,0
48289,Leon,Texas,0
48291,Liberty,Texas,9
48293,Limestone,Texas,2
48295,Lipscomb,Texas,-1
48297,Live Oak,Texas,0
48299,Llano,Texas,0
48301,Loving,Texas,0
48303,Lubbock,Texas,41
48305,Lynn,Texas,0
48307,McCulloch,Texas,0
48309,McLennan,Texas,9
48311,McMullen,Texas,0
48313,Madison,Texas,0
48315,Marion,Texas,5
48317,Martin,Texas,0
48319,Mason,Texas,82
48321,Matagorda,Texas,2
48323,Maverick,Texas,2
48325,Medina,Texas,4
48327,Menard,Texas,0
48329,Midland,Texas,16
48331,Milam,Texas,3
48333,Mills,Texas,0
48335,Mitchell,Texas,0
48337,Montague,Texas,0
48339,Montgomery,Texas,157
48341,Moore,Texas,162
48343,Morris,Texas,1
48345,Motley,Texas,0
48347,Nacogdoches,Texas,51
48349,Navarro,Texas,6
48351,Newton,Texas,0
48353,Nolan,Texas,0
48355,Nueces,Texas,8
48357,Ochiltree,Texas,-2
48359,Oldham,Texas,0
48361,Orange,Texas,7
48363,Palo Pinto,Texas,0
48365,Panola,Texas,37
48367,Parker,Texas,7
48369,Parmer,Texas,3
48371,Pecos,Texas,2
48373,Polk,Texas,3
48375,Potter,Texas,382
48377,Presidio,Texas,0
48379,Rains,Texas,0
48381,Randall,Texas,117
48383,Reagan,Texas,0
48385,Real,Texas,0
48387,Red River,Texas,0
48389,Reeves,Texas,0
48391,Refugio,Texas,0
48393,Roberts,Texas,0
48395,Robertson,Texas,0
48397,Rockwall,Texas,28
48399,Runnels,Texas,0
48401,Rusk,Texas,7
48403,Sabine,Texas,0
48405,San Augustine,Texas,3
48407,San Jacinto,Texas,0
48409,San Patricio,Texas,3
48411,San Saba,Texas,0
48413,Schleicher,Texas,0
48415,Scurry,Texas,0
48417,Shackelford,Texas,0
48419,Shelby,Texas,28
48421,Sherman,Texas,6
48423,Smith,Texas,15
48425,Somervell,Texas,0
48427,Starr,Texas,2
48429,Stephens,Texas,0
48431,Sterling,Texas,0
48433,Stonewall,Texas,0
48435,Sutton,Texas,0
48437,Swisher,Texas,1
48439,Tarrant,Texas,682
48441,Taylor,Texas,112
48443,Terrell,Texas,0
48445,Terry,Texas,2
48447,Throckmorton,Texas,0
48449,Titus,Texas,4
48451,Tom Green,Texas,15
48453,Travis,Texas,419
48455,Trinity,Texas,1
48457,Tyler,Texas,0
48459,Upshur,Texas,3
48461,Upton,Texas,0
48463,Uvalde,Texas,0
48465,Val Verde,Texas,2
48467,Van Zandt,Texas,2
48469,Victoria,Texas,28
48471,Walker,Texas,104
48473,Waller,Texas,6
48475,Ward,Texas,0
48477,Washington,Texas,72
48479,Webb,Texas,31
48481,Wharton,Texas,0
48483,Wheeler,Texas,12
48485,Wichita,Texas,5
48487,Wilbarger,Texas,0
48489,Willacy,Texas,3
48491,Williamson,Texas,111
48493,Wilson,Texas,8
48495,Winkler,Texas,0
48497,Wise,Texas,4
48499,Wood,Texas,1
48501,Yoakum,Texas,0
48503,Young,Texas,0
48505,Zapata,Texas,1
48507,Zavala,Texas,0
49001,Beaver,Utah,0
49003,Box Elder,Utah,0
49005,Cache,Utah,0
49007,Carbon,Utah,0
49009,Daggett,Utah,0
49011,Davis,Utah,27
49013,Duchesne,Utah,0
49015,Emery,Utah,0
49017,Garfield,Utah,0
49019,Grand,Utah,0
49021,Iron,Utah,0
49023,Juab,Utah,0
49025,Kane,Utah,0
49027,Millard,Utah,0
49029,Morgan,Utah,0
49031,Piute,Utah,0
49033,Rich,Utah,0
49035,Salt Lake,Utah,594
49037,San Juan,Utah,9
49039,Sanpete,Utah,0
49041,Sevier,Utah,0
49043,Summit,Utah,30
49045,Tooele,Utah,19
49047,Uintah,Utah,0
49049,Utah,Utah,356
49051,Wasatch,Utah,22
49053,Washington,Utah,0
49055,Wayne,Utah,0
49057,Weber,Utah,0
50001,Addison,Vermont,0
50003,Bennington,Vermont,8
50005,Caledonia,Vermont,2
50007,Chittenden,Vermont,13
50009,Essex,Vermont,0
50011,Franklin,Vermont,17
50013,Grand Isle,Vermont,0
50015,Lamoille,Vermont,1
50017,Orange,Vermont,0
50019,Orleans,Vermont,0
50021,Rutland,Vermont,3
50023,Washington,Vermont,0
50025,Windham,Vermont,4
50027,Windsor,Vermont,4
51001,Accomack,Virginia,180
51003,Albemarle,Virginia,31
51005,Alleghany,Virginia,1
51007,Amelia,Virginia,1
51009,Amherst,Virginia,2
51011,Appomattox,Virginia,7
51013,Arlington,Virginia,315
51015,Augusta,Virginia,12
51017,Bath,Virginia,0
51019,Bedford,Virginia,8
51021,Bland,Virginia,0
51023,Botetourt,Virginia,4
51025,Brunswick,Virginia,3
51027,Buchanan,Virginia,1
51029,Buckingham,Virginia,24
51031,Campbell,Virginia,2
51033,Caroline,Virginia,5
51035,Carroll,Virginia,52
51036,Charles City,Virginia,2
51037,Charlotte,Virginia,0
51041,Chesterfield,Virginia,149
51043,Clarke,Virginia,1
51045,Craig,Virginia,0
51047,Culpeper,Virginia,64
51049,Cumberland,Virginia,3
51051,Dickenson,Virginia,0
51053,Dinwiddie,Virginia,3
51057,Essex,Virginia,3
51059,Fairfax,Virginia,1349
51061,Fauquier,Virginia,32
51063,Floyd,Virginia,0
51065,Fluvanna,Virginia,13
51067,Franklin,Virginia,4
51069,Frederick,Virginia,22
51071,Giles,Virginia,0
51073,Gloucester,Virginia,1
51075,Goochland,Virginia,16
51077,Grayson,Virginia,0
51079,Greene,Virginia,2
51081,Greensville,Virginia,14
51083,Halifax,Virginia,4
51085,Hanover,Virginia,27
51087,Henrico,Virginia,159
51089,Henry,Virginia,3
51091,Highland,Virginia,1
51093,Isle of Wight,Virginia,18
51095,James City,Virginia,9
51097,King and Queen,Virginia,0
51099,King George,Virginia,9
51101,King William,Virginia,1
51103,Lancaster,Virginia,0
51105,Lee,Virginia,1
51107,Loudoun,Virginia,243
51109,Louisa,Virginia,7
51111,Lunenburg,Virginia,0
51113,Madison,Virginia,2
51115,Mathews,Virginia,0
51117,Mecklenburg,Virginia,18
51119,Middlesex,Virginia,2
51121,Montgomery,Virginia,6
51125,Nelson,Virginia,1
51127,New Kent,Virginia,4
51131,Northampton,Virginia,87
51133,Northumberland,Virginia,1
51135,Nottoway,Virginia,3
51137,Orange,Virginia,7
51139,Page,Virginia,46
51141,Patrick,Virginia,0
51143,Pittsylvania,Virginia,3
51145,Powhatan,Virginia,2
51147,Prince Edward,Virginia,19
51149,Prince George,Virginia,5
51153,Prince William,Virginia,810
51155,Pulaski,Virginia,1
51157,Rappahannock,Virginia,5
51159,Richmond,Virginia,78
51161,Roanoke,Virginia,17
51163,Rockbridge,Virginia,1
51165,Rockingham,Virginia,97
51167,Russell,Virginia,0
51169,Scott,Virginia,1
51171,Shenandoah,Virginia,48
51173,Smyth,Virginia,2
51175,Southampton,Virginia,31
51177,Spotsylvania,Virginia,64
51179,Stafford,Virginia,64
51181,Surry,Virginia,0
51183,Sussex,Virginia,8
51185,Tazewell,Virginia,1
51187,Warren,Virginia,16
51191,Washington,Virginia,6
51193,Westmoreland,Virginia,5
51195,Wise,Virginia,3
51197,Wythe,Virginia,1
51199,York,Virginia,5
51510,Alexandria,Virginia,287
51520,Bristol,Virginia,0
51530,Buena Vista,Virginia,0
51540,Charlottesville,Virginia,11
51550,Chesapeake,Virginia,67
51570,Colonial Heights,Virginia,19
51580,Covington,Virginia,0
51590,Danville,Virginia,6
51595,Emporia,Virginia,7
51600,Fairfax City,Virginia,1
51610,Falls Church,Virginia,0
51620,Franklin City,Virginia,5
51630,Fredericksburg,Virginia,14
51640,Galax,Virginia,0
51650,Hampton,Virginia,21
51660,Harrisonburg,Virginia,75
51670,Hopewell,Virginia,4
51678,Lexington,Virginia,0
51680,Lynchburg,Virginia,8
51683,Manassas,Virginia,111
51685,Manassas Park,Virginia,27
51690,Martinsville,Virginia,0
51700,Newport News,Virginia,17
51710,Norfolk,Virginia,43
51720,Norton,Virginia,0
51730,Petersburg,Virginia,7
51735,Poquoson,Virginia,0
51740,Portsmouth,Virginia,74
51750,Radford,Virginia,0
51760,Richmond City,Virginia,86
51770,Roanoke City,Virginia,104
51775,Salem,Virginia,70
51790,Staunton,Virginia,3
51800,Suffolk,Virginia,51
51810,Virginia Beach,Virginia,86
51820,Waynesboro,Virginia,2
51830,Williamsburg,Virginia,1
51840,Winchester,Virginia,6
53001,Adams,Washington,3
53003,Asotin,Washington,4
53005,Benton,Washington,78
53007,Chelan,Washington,27
53009,Clallam,Washington,3
53011,Clark,Washington,37
53013,Columbia,Washington,0
53015,Cowlitz,Washington,9
53017,Douglas,Washington,19
53019,Ferry,Washington,0
53021,Franklin,Washington,46
53023,Garfield,Washington,0
53025,Grant,Washington,15
53027,Grays Harbor,Washington,2
53029,Island,Washington,6
53031,Jefferson,Washington,0
53033,King,Washington,665
53035,Kitsap,Washington,6
53037,Kittitas,Washington,1
53039,Klickitat,Washington,1
53041,Lewis,Washington,5
53043,Lincoln,Washington,0
53045,Mason,Washington,2
53047,Okanogan,Washington,5
53049,Pacific,Washington,1
53051,Pend Oreille,Washington,0
53053,Pierce,Washington,126
53055,San Juan,Washington,0
53057,Skagit,Washington,63
53059,Skamania,Washington,0
53061,Snohomish,Washington,246
53063,Spokane,Washington,20
53065,Stevens,Washington,0
53067,Thurston,Washington,9
53069,Wahkiakum,Washington,0
53071,Walla Walla,Washington,25
53073,Whatcom,Washington,32
53075,Whitman,Washington,0
53077,Yakima,Washington,213
54001,Barbour,West Virginia,0
54003,Berkeley,West Virginia,20
54005,Boone,West Virginia,0
54007,Braxton,West Virginia,0
54009,Brooke,West Virginia,0
54011,Cabell,West Virginia,6
54013,Calhoun,West Virginia,0
54015,Clay,West Virginia,0
54017,Doddridge,West Virginia,0
54019,Fayette,West Virginia,7
54021,Gilmer,West Virginia,0
54023,Grant,West Virginia,0
54025,Greenbrier,West Virginia,0
54027,Hampshire,West Virginia,1
54029,Hancock,West Virginia,4
54031,Hardy,West Virginia,1
54033,Harrison,West Virginia,0
54035,Jackson,West Virginia,30
54037,Jefferson,West Virginia,13
54039,Kanawha,West Virginia,28
54041,Lewis,West Virginia,0
54043,Lincoln,West Virginia,0
54045,Logan,West Virginia,2
54047,McDowell,West Virginia,0
54049,Marion,West Virginia,2
54051,Marshall,West Virginia,2
54053,Mason,West Virginia,2
54055,Mercer,West Virginia,2
54057,Mineral,West Virginia,6
54059,Mingo,West Virginia,0
54061,Monongalia,West Virginia,4
54063,Monroe,West Virginia,0
54065,Morgan,West Virginia,1
54067,Nicholas,West Virginia,1
54069,Ohio,West Virginia,3
54071,Pendleton,West Virginia,0
54073,Pleasants,West Virginia,0
54075,Pocahontas,West Virginia,0
54077,Preston,West Virginia,2
54079,Putnam,West Virginia,5
54081,Raleigh,West Virginia,1
54083,Randolph,West Virginia,0
54085,Ritchie,West Virginia,0
54087,Roane,West Virginia,0
54089,Summers,West Virginia,0
54091,Taylor,West Virginia,1
54093,Tucker,West Virginia,0
54095,Tyler,West Virginia,0
54097,Upshur,West Virginia,0
54099,Wayne,West Virginia,18
54101,Webster,West Virginia,0
54103,Wetzel,West Virginia,0
54105,Wirt,West Virginia,0
54107,Wood,West Virginia,5
54109,Wyoming,West Virginia,0
55001,Adams,Wisconsin,0
55003,Ashland,Wisconsin,0
55005,Barron,Wisconsin,0
55007,Bayfield,Wisconsin,0
55009,Brown,Wisconsin,524
55011,Buffalo,Wisconsin,0
55013,Burnett,Wisconsin,0
55015,Calumet,Wisconsin,7
55017,Chippewa,Wisconsin,3
55019,Clark,Wisconsin,4
55021,Columbia,Wisconsin,0
55023,Crawford,Wisconsin,0
55025,Dane,Wisconsin,40
55027,Dodge,Wisconsin,9
55029,Door,Wisconsin,2
55031,Douglas,Wisconsin,0
55033,Dunn,Wisconsin,0
55035,Eau Claire,Wisconsin,5
55037,Florence,Wisconsin,0
55039,Fond du Lac,Wisconsin,0
55041,Forest,Wisconsin,0
55043,Grant,Wisconsin,15
55045,Green,Wisconsin,2
55047,Green Lake,Wisconsin,0
55049,Iowa,Wisconsin,1
55051,Iron,Wisconsin,0
55053,Jackson,Wisconsin,2
55055,Jefferson,Wisconsin,10
55057,Juneau,Wisconsin,4
55059,Kenosha,Wisconsin,108
55061,Kewaunee,Wisconsin,3
55063,La Crosse,Wisconsin,2
55065,Lafayette,Wisconsin,0
55067,Langlade,Wisconsin,0
55069,Lincoln,Wisconsin,0
55071,Manitowoc,Wisconsin,2
55073,Marathon,Wisconsin,3
55075,Marinette,Wisconsin,1
55077,Marquette,Wisconsin,0
55078,Menominee,Wisconsin,0
55079,Milwaukee,Wisconsin,624
55081,Monroe,Wisconsin,-1
55083,Oconto,Wisconsin,2
55085,Oneida,Wisconsin,0
55087,Outagamie,Wisconsin,18
55089,Ozaukee,Wisconsin,8
55091,Pepin,Wisconsin,0
55093,Pierce,Wisconsin,1
55095,Polk,Wisconsin,0
55097,Portage,Wisconsin,0
55099,Price,Wisconsin,0
55101,Racine,Wisconsin,154
55103,Richland,Wisconsin,2
55105,Rock,Wisconsin,86
55107,Rusk,Wisconsin,0
55109,St. Croix,Wisconsin,4
55111,Sauk,Wisconsin,8
55113,Sawyer,Wisconsin,0
55115,Shawano,Wisconsin,2
55117,Sheboygan,Wisconsin,5
55119,Taylor,Wisconsin,0
55121,Trempealeau,Wisconsin,0
55123,Vernon,Wisconsin,0
55125,Vilas,Wisconsin,0
55127,Walworth,Wisconsin,52
55129,Washburn,Wisconsin,0
55131,Washington,Wisconsin,9
55133,Waukesha,Wisconsin,55
55135,Waupaca,Wisconsin,1
55137,Waushara,Wisconsin,0
55139,Winnebago,Wisconsin,10
55141,Wood,Wisconsin,0
56001,Albany,Wyoming,1
56003,Big Horn,Wyoming,0
56005,Campbell,Wyoming,5
56007,Carbon,Wyoming,0
56009,Converse,Wyoming,5
56011,Crook,Wyoming,1
56013,Fremont,Wyoming,42
56015,Goshen,Wyoming,0
56017,Hot Springs,Wyoming,0
56019,Johnson,Wyoming,2
56021,Laramie,Wyoming,32
56023,Lincoln,Wyoming,1
56025,Natrona,Wyoming,6
56027,Niobrara,Wyoming,0
56029,Park,Wyoming,0
56031,Platte,Wyoming,0
56033,Sheridan,Wyoming,1
56035,Sublette,Wyoming,0
56037,Sweetwater,Wyoming,3
56039,Teton,Wyoming,19
56041,Uinta,Wyoming,1
56043,Washakie,Wyoming,1
56045,Weston,Wyoming,0
